Date,1 oz,,1/2 oz,,1/4 oz,
,Selling,Buying,Selling,Buying,Selling,Buying
03-Jan-17,"5,478","5,256","2,790","2,628","1,421","1,314"
04-Jan-17,"5,522","5,296","2,813","2,648","1,432","1,324"
05-Jan-17,"5,576","5,351","2,841","2,675","1,447","1,338"
06-Jan-17,"5,611","5,384","2,858","2,692","1,456","1,346"
09-Jan-17,"5,580","5,354","2,843","2,677","1,448","1,339"
10-Jan-17,"5,621","5,391","2,863","2,696","1,458","1,348"
11-Jan-17,"5,645","5,415","2,876","2,708","1,464","1,354"
12-Jan-17,"5,666","5,435","2,887","2,717","1,470","1,359"
13-Jan-17,"5,658","5,427","2,883","2,714","1,468","1,357"
16-Jan-17,"5,699","5,468","2,903","2,734","1,479","1,367"
17-Jan-17,"5,712","5,481","2,910","2,741","1,482","1,370"
18-Jan-17,"5,731","5,500","2,920","2,750","1,487","1,375"
19-Jan-17,"5,690","5,460","2,899","2,730","1,476","1,365"
20-Jan-17,"5,684","5,455","2,896","2,727","1,475","1,364"
23-Jan-17,"5,732","5,500","2,920","2,750","1,487","1,375"
24-Jan-17,"5,731","5,498","2,920","2,749","1,487","1,375"
25-Jan-17,"5,691","5,461","2,899","2,731","1,477","1,365"
26-Jan-17,"5,650","5,419","2,878","2,709","1,466","1,355"
27-Jan-17,"5,585","5,358","2,845","2,679","1,449","1,339"
31-Jan-17,"5,634","5,406","2,870","2,703","1,462","1,352"
02-Feb-17,"5,703","5,469","2,905","2,734","1,480","1,367"
03-Feb-17,"5,708","5,474","2,908","2,737","1,481","1,368"
06-Feb-17,"5,736","5,501","2,922","2,751","1,488","1,375"
07-Feb-17,"5,803","5,566","2,956","2,783","1,506","1,391"
08-Feb-17,"5,808","5,568","2,959","2,784","1,507","1,392"
10-Feb-17,"5,785","5,548","2,947","2,774","1,501","1,387"
13-Feb-17,"5,805","5,567","2,957","2,784","1,506","1,392"
14-Feb-17,"5,795","5,558","2,952","2,779","1,503","1,390"
15-Feb-17,"5,799","5,562","2,954","2,781","1,504","1,390"
16-Feb-17,"5,821","5,584","2,965","2,792","1,510","1,396"
17-Feb-17,"5,857","5,617","2,984","2,809","1,519","1,404"
20-Feb-17,"5,847","5,608","2,979","2,804","1,517","1,402"
21-Feb-17,"5,855","5,617","2,982","2,808","1,519","1,404"
22-Feb-17,"5,849","5,611","2,980","2,806","1,517","1,403"
23-Feb-17,"5,841","5,603","2,976","2,801","1,515","1,401"
24-Feb-17,"5,898","5,652","3,005","2,826","1,530","1,413"
27-Feb-17,"5,927","5,683","3,020","2,841","1,538","1,421"
28-Feb-17,"5,905","5,663","3,008","2,832","1,532","1,416"
01-Mar-17,"5,882","5,637","2,997","2,818","1,526","1,409"
02-Mar-17,"5,895","5,653","3,003","2,826","1,529","1,413"
03-Mar-17,"5,835","5,597","2,973","2,798","1,514","1,399"
06-Mar-17,"5,847","5,608","2,979","2,804","1,517","1,402"
07-Mar-17,"5,795","5,558","2,952","2,779","1,504","1,390"
08-Mar-17,"5,747","5,512","2,928","2,756","1,491","1,378"
09-Mar-17,"5,721","5,488","2,915","2,744","1,484","1,372"
10-Mar-17,"5,681","5,449","2,894","2,724","1,474","1,362"
13-Mar-17,"5,700","5,468","2,904","2,734","1,479","1,367"
14-Mar-17,"5,679","5,447","2,893","2,724","1,473","1,362"
15-Mar-17,"5,664","5,432","2,885","2,716","1,469","1,358"
16-Mar-17,"5,752","5,514","2,931","2,757","1,492","1,378"
17-Mar-17,"5,772","5,533","2,940","2,767","1,497","1,383"
20-Mar-17,"5,802","5,561","2,955","2,780","1,505","1,390"
21-Mar-17,"5,804","5,569","2,957","2,784","1,506","1,392"
22-Mar-17,"5,859","5,620","2,985","2,810","1,520","1,405"
23-Mar-17,"5,857","5,617","2,984","2,809","1,519","1,404"
24-Mar-17,"5,857","5,618","2,984","2,809","1,520","1,404"
27-Mar-17,"5,882","5,641","2,996","2,821","1,526","1,410"
28-Mar-17,"5,872","5,632","2,992","2,816","1,523","1,408"
29-Mar-17,"5,865","5,627","2,988","2,814","1,522","1,407"
30-Mar-17,"5,875","5,635","2,993","2,818","1,524","1,409"
31-Mar-17,"5,841","5,603","2,976","2,801","1,515","1,401"
03-Apr-17,"5,868","5,628","2,989","2,814","1,522","1,407"
04-Apr-17,"5,904","5,663","3,008","2,831","1,532","1,416"
05-Apr-17,"5,907","5,668","3,009","2,834","1,532","1,417"
06-Apr-17,"5,919","5,679","3,015","2,840","1,536","1,420"
07-Apr-17,"5,895","5,654","3,003","2,827","1,529","1,414"
10-Apr-17,"5,910","5,669","3,011","2,834","1,533","1,417"
11-Apr-17,"5,918","5,677","3,015","2,839","1,535","1,419"
12-Apr-17,"6,008","5,764","3,061","2,882","1,559","1,441"
13-Apr-17,"6,047","5,800","3,081","2,900","1,569","1,450"
14-Apr-17,"6,029","5,783","3,071","2,891","1,564","1,446"
17-Apr-17,"6,055","5,809","3,085","2,904","1,571","1,452"
18-Apr-17,"6,001","5,756","3,057","2,878","1,557","1,439"
19-Apr-17,"6,031","5,785","3,073","2,892","1,565","1,446"
20-Apr-17,"5,983","5,739","3,048","2,869","1,552","1,435"
21-Apr-17,"5,983","5,740","3,048","2,870","1,552","1,435"
25-Apr-17,"5,955","5,713","3,034","2,856","1,545","1,428"
26-Apr-17,"5,851","5,614","2,981","2,807","1,518","1,404"
27-Apr-17,"5,849","5,610","2,980","2,805","1,517","1,402"
28-Apr-17,"5,834","5,595","2,972","2,798","1,514","1,399"
02-May-17,"5,788","5,551","2,949","2,776","1,502","1,388"
03-May-17,"5,761","5,525","2,935","2,762","1,495","1,381"
04-May-17,"5,686","5,453","2,897","2,727","1,475","1,363"
05-May-17,"5,653","5,422","2,880","2,711","1,467","1,355"
08-May-17,"5,676","5,444","2,892","2,722","1,473","1,361"
09-May-17,"5,653","5,430","2,880","2,715","1,467","1,357"
11-May-17,"5,620","5,399","2,863","2,699","1,458","1,350"
12-May-17,"5,648","5,424","2,877","2,712","1,465","1,356"
15-May-17,"5,657","5,431","2,882","2,716","1,468","1,358"
16-May-17,"5,638","5,419","2,872","2,709","1,463","1,355"
17-May-17,"5,692","5,468","2,900","2,734","1,477","1,367"
18-May-17,"5,771","5,545","2,940","2,772","1,497","1,386"
19-May-17,"5,748","5,512","2,928","2,756","1,491","1,378"
22-May-17,"5,756","5,530","2,932","2,765","1,493","1,383"
23-May-17,"5,760","5,534","2,934","2,767","1,494","1,384"
24-May-17,"5,712","5,491","2,910","2,746","1,482","1,373"
25-May-17,"5,706","5,486","2,907","2,743","1,480","1,371"
26-May-17,"5,699","5,474","2,903","2,737","1,478","1,368"
29-May-17,"5,746","5,522","2,927","2,761","1,491","1,380"
30-May-17,"5,748","5,525","2,928","2,762","1,491","1,381"
31-May-17,"5,731","5,511","2,919","2,755","1,487","1,378"
01-Jun-17,"5,769","5,541","2,939","2,771","1,497","1,385"
02-Jun-17,"5,748","5,527","2,928","2,763","1,491","1,382"
05-Jun-17,"5,797","5,572","2,953","2,786","1,504","1,393"
06-Jun-17,"5,783","5,558","2,946","2,779","1,500","1,390"
07-Jun-17,"5,852","5,625","2,981","2,812","1,518","1,406"
08-Jun-17,"5,822","5,591","2,966","2,796","1,510","1,398"
09-Jun-17,"5,791","5,566","2,950","2,783","1,502","1,391"
13-Jun-17,"5,728","5,506","2,918","2,753","1,486","1,376"
14-Jun-17,"5,731","5,508","2,920","2,754","1,487","1,377"
15-Jun-17,"5,702","5,476","2,905","2,738","1,479","1,369"
16-Jun-17,"5,685","5,466","2,896","2,733","1,475","1,366"
19-Jun-17,"5,689","5,468","2,898","2,734","1,476","1,367"
20-Jun-17,"5,646","5,429","2,876","2,715","1,465","1,357"
21-Jun-17,"5,661","5,443","2,884","2,722","1,469","1,361"
22-Jun-17,"5,689","5,457","2,898","2,728","1,476","1,364"
28-Jun-17,"5,677","5,457","2,892","2,728","1,473","1,364"
29-Jun-17,"5,698","5,473","2,903","2,736","1,478","1,368"
30-Jun-17,"5,674","5,450","2,891","2,725","1,472","1,362"
03-Jul-17,"5,654","5,434","2,880","2,717","1,467","1,359"
04-Jul-17,"5,581","5,367","2,843","2,683","1,448","1,342"
05-Jul-17,"5,594","5,379","2,850","2,690","1,451","1,345"
06-Jul-17,"5,586","5,370","2,845","2,685","1,449","1,342"
07-Jul-17,"5,568","5,354","2,836","2,677","1,444","1,338"
10-Jul-17,"5,533","5,318","2,819","2,659","1,435","1,329"
11-Jul-17,"5,528","5,316","2,816","2,658","1,434","1,329"
12-Jul-17,"5,552","5,337","2,828","2,669","1,440","1,334"
13-Jul-17,"5,544","5,328","2,824","2,664","1,438","1,332"
14-Jul-17,"5,533","5,318","2,819","2,659","1,436","1,330"
17-Jul-17,"5,593","5,375","2,849","2,688","1,451","1,344"
18-Jul-17,"5,613","5,394","2,859","2,697","1,456","1,349"
19-Jul-17,"5,650","5,432","2,879","2,716","1,466","1,358"
20-Jul-17,"5,645","5,427","2,876","2,713","1,464","1,357"
21-Jul-17,"5,658","5,439","2,883","2,719","1,468","1,360"
24-Jul-17,"5,708","5,486","2,908","2,743","1,481","1,371"
25-Jul-17,"5,692","5,471","2,900","2,736","1,477","1,368"
26-Jul-17,"5,665","5,446","2,886","2,723","1,470","1,362"
27-Jul-17,"5,728","5,506","2,918","2,753","1,486","1,377"
28-Jul-17,"5,719","5,497","2,913","2,748","1,484","1,374"
31-Jul-17,"5,763","5,540","2,936","2,770","1,495","1,385"
01-Aug-17,"5,756","5,533","2,932","2,767","1,493","1,383"
02-Aug-17,"5,762","5,539","2,936","2,769","1,495","1,385"
03-Aug-17,"5,741","5,519","2,925","2,760","1,489","1,380"
04-Aug-17,"5,758","5,535","2,934","2,767","1,494","1,384"
07-Aug-17,"5,714","5,492","2,911","2,746","1,482","1,373"
08-Aug-17,"5,713","5,492","2,910","2,746","1,482","1,373"
09-Aug-17,"5,748","5,526","2,928","2,763","1,491","1,382"
10-Aug-17,"5,801","5,576","2,955","2,788","1,505","1,394"
11-Aug-17,"5,857","5,630","2,984","2,815","1,520","1,407"
14-Aug-17,"5,862","5,634","2,986","2,817","1,521","1,409"
15-Aug-17,"5,823","5,599","2,967","2,800","1,511","1,400"
16-Aug-17,"5,800","5,576","2,955","2,788","1,505","1,394"
17-Aug-17,"5,850","5,623","2,980","2,812","1,518","1,406"
18-Aug-17,"5,870","5,642","2,990","2,821","1,523","1,410"
21-Aug-17,"5,845","5,620","2,978","2,810","1,516","1,405"
22-Aug-17,"5,862","5,635","2,986","2,817","1,521","1,409"
23-Aug-17,"5,839","5,608","2,974","2,804","1,515","1,402"
24-Aug-17,"5,856","5,628","2,983","2,814","1,519","1,407"
25-Aug-17,"5,838","5,611","2,974","2,805","1,514","1,403"
28-Aug-17,"5,851","5,625","2,981","2,812","1,518","1,406"
29-Aug-17,"5,962","5,733","3,037","2,866","1,547","1,433"
30-Aug-17,"5,927","5,697","3,020","2,849","1,538","1,424"
05-Sep-17,"6,039","5,804","3,076","2,902","1,567","1,451"
06-Sep-17,"6,045","5,812","3,079","2,906","1,568","1,453"
07-Sep-17,"5,978","5,745","3,045","2,873","1,551","1,436"
08-Sep-17,"6,007","5,775","3,060","2,887","1,558","1,444"
11-Sep-17,"5,952","5,721","3,032","2,860","1,544","1,430"
12-Sep-17,"5,913","5,683","3,012","2,841","1,534","1,421"
13-Sep-17,"5,942","5,713","3,027","2,857","1,541","1,428"
14-Sep-17,"5,882","5,652","2,997","2,826","1,526","1,413"
18-Sep-17,"5,855","5,628","2,983","2,814","1,519","1,407"
19-Sep-17,"5,818","5,592","2,964","2,796","1,509","1,398"
20-Sep-17,"5,830","5,604","2,970","2,802","1,513","1,401"
21-Sep-17,"5,772","5,547","2,940","2,774","1,497","1,387"
25-Sep-17,"5,745","5,524","2,927","2,762","1,490","1,381"
26-Sep-17,"5,745","5,524","2,927","2,762","1,490","1,381"
27-Sep-17,"5,779","5,554","2,944","2,777","1,499","1,388"
28-Sep-17,"5,745","5,524","2,927","2,762","1,490","1,381"
29-Sep-17,"5,773","5,548","2,941","2,774","1,498","1,387"
02-Oct-17,"5,727","5,504","2,917","2,752","1,486","1,376"
03-Oct-17,"5,712","5,490","2,910","2,745","1,482","1,373"
04-Oct-17,"5,711","2,489","2,909","2,745","1,482","1,372"
05-Oct-17,"5,713","5,491","2,910","2,746","1,482","1,373"
06-Oct-17,"5,696","5,472","2,902","2,736","1,478","1,368"
09-Oct-17,"5,732","5,509","2,920","2,755","1,487","1,377"
10-Oct-17,"5,759","5,536","2,934","2,768","1,494","1,384"
11-Oct-17,"5,769","5,545","2,939","2,773","1,497","1,386"
12-Oct-17,"5,782","5,557","2,945","2,779","1,500","1,389"
13-Oct-17,"5,796","5,566","2,953","2,783","1,504","1,392"
16-Oct-17,"5,826","5,602","2,968","2,801","1,512","1,401"
17-Oct-17,"5,791","5,567","2,950","2,784","1,502","1,392"
19-Oct-17,"5,742","5,519","2,925","2,760","1,490","1,380"
20-Oct-17,"5,779","5,557","2,944","2,779","1,499","1,389"
23-Oct-17,"5,723","5,499","2,915","2,749","1,485","1,375"
24-Oct-17,"5,761","5,537","2,935","2,768","1,495","1,384"
25-Oct-17,"5,731","5,511","2,919","2,755","1,487","1,378"
26-Oct-17,"5,739","5,517","2,924","2,759","1,489","1,379"
27-Oct-17,"5,697","5,478","2,902","2,739","1,478","1,370"
30-Oct-17,"5,721","5,502","2,914","2,751","1,484","1,376"
31-Oct-17,"5,732","5,511","2,920","2,755","1,487","1,378"
01-Nov-17,"5,698","5,479","2,903","2,739","1,478","1,370"
02-Nov-17,"5,727","5,507","2,918","2,754","1,486","1,377"
03-Nov-17,"5,734","5,514","2,921","2,757","1,488","1,378"
06-Nov-17,"5,714","5,493","2,911","2,746","1,482","1,373"
07-Nov-17,"5,738","5,517","2,923","2,759","1,489","1,379"
08-Nov-17,"5,726","5,506","2,917","2,753","1,485","1,376"
09-Nov-17,"5,745","5,524","2,926","2,762","1,490","1,381"
10-Nov-17,"5,725","5,502","2,916","2,751","1,485","1,376"
13-Nov-17,"5,672","5,454","2,890","2,727","1,472","1,364"
14-Nov-17,"5,680","5,462","2,894","2,731","1,474","1,365"
15-Nov-17,"5,681","5,462","2,894","2,731","1,474","1,366"
16-Nov-17,"5,664","5,445","2,885","2,723","1,469","1,361"
17-Nov-17,"5,725","5,502","2,916","2,751","1,485","1,376"
20-Nov-17,"5,703","5,484","2,905","2,742","1,480","1,371"
21-Nov-17,"5,631","5,415","2,869","2,707","1,461","1,354"
22-Nov-17,"5,620","5,401","2,863","2,701","1,458","1,350"
23-Nov-17,"5,611","5,396","2,859","2,698","1,456","1,349"
24-Nov-17,"5,629","5,410","2,867","2,705","1,460","1,352"
27-Nov-17,"5,623","5,407","2,865","2,704","1,459","1,352"
28-Nov-17,"5,656","5,436","2,881","2,718","1,467","1,359"
29-Nov-17,"5,635","5,416","2,871","2,708","1,462","1,354"
30-Nov-17,"5,568","5,351","2,836","2,676","1,444","1,338"
04-Dec-17,"5,533","5,318","2,819","2,659","1,436","1,330"
05-Dec-17,"5,484","5,273","2,794","2,637","1,423","1,318"
06-Dec-17,"5,459","5,248","2,781","2,624","1,416","1,312"
07-Dec-17,"5,469","5,258","2,786","2,629","1,419","1,315"
08-Dec-17,"5,410","5,199","2,756","2,600","1,404","1,300"
11-Dec-17,"5,415","5,205","2,759","2,602","1,405","1,301"
12-Dec-17,"5,371","5,165","2,736","2,582","1,393","1,291"
13-Dec-17,"5,379","5,172","2,740","2,586","1,395","1,293"
14-Dec-17,"5,415","5,206","2,759","2,603","1,405","1,301"
15-Dec-17,"5,428","5,218","2,765","2,609","1,408","1,304"
18-Dec-17,"5,436","5,225","2,769","2,612","1,410","1,306"
19-Dec-17,"5,457","5,248","2,780","2,624","1,416","1,312"
20-Dec-17,"5,464","5,252","2,784","2,626","1,418","1,313"
21-Dec-17,"5,460","5,250","2,781","2,625","1,416","1,312"
22-Dec-17,"5,478","5,265","2,791","2,632","1,421","1,316"
26-Dec-17,"5,507","5,294","2,805","2,647","1,429","1,323"
27-Dec-17,"5,554","5,337","2,829","2,669","1,441","1,334"
28-Dec-17,"5,575","5,358","2,840","2,679","1,446","1,339"
29-Dec-17,"5,580","5,365","2,843","2,683","1,448","1,341"
03-Jan-18,"5,632","5,415","2,869","2,708","1,461","1,354"
04-Jan-18,"5,579","5,362","2,842","2,681","1,447","1,341"
05-Jan-18,"5,608","5,391","2,857","2,696","1,455","1,348"
08-Jan-18,"5,585","5,371","2,845","2,685","1,449","1,343"
09-Jan-18,"5,592","5,377","2,849","2,688","1,451","1,344"
10-Jan-18,"5,577","5,359","2,841","2,680","1,447","1,340"
11-Jan-18,"5,599","5,381","2,853","2,691","1,453","1,345"
12-Jan-18,"5,584","5,369","2,844","2,684","1,449","1,342"
15-Jan-18,"5,622","5,403","2,864","2,701","1,458","1,351"
16-Jan-18,"5,627","5,409","2,867","2,705","1,460","1,352"
17-Jan-18,"5,614","5,395","2,860","2,698","1,456","1,349"
18-Jan-18,"5,582","5,366","2,844","2,683","1,448","1,342"
19-Jan-18,"5,557","5,340","2,831","2,670","1,442","1,335"
22-Jan-18,"5,570","5,353","2,838","2,677","1,445","1,338"
23-Jan-18,"5,563","5,345","2,834","2,673","1,443","1,336"
24-Jan-18,"5,574","5,360","2,840","2,680","1,446","1,340"
25-Jan-18,"5,614","5,398","2,860","2,699","1,456","1,349"
26-Jan-18,"5,563","5,349","2,834","2,675","1,443","1,337"
30-Jan-18,"5,528","5,313","2,816","2,656","1,434","1,328"
01-Feb-18,"5,568","5,351","2,836","2,675","1,444","1,338"
02-Feb-18,"5,557","5,340","2,831","2,670","1,442","1,335"
05-Feb-18,"5,513","5,299","2,808","2,650","1,430","1,325"
06-Feb-18,"5,553","5,339","2,829","2,670","1,441","1,335"
07-Feb-18,"5,497","5,284","2,800","2,642","1,426","1,321"
08-Feb-18,"5,476","5,264","2,790","2,632","1,421","1,316"
09-Feb-18,"5,516","5,301","2,810","2,650","1,431","1,325"
12-Feb-18,"5,495","5,281","2,799","2,640","1,426","1,320"
13-Feb-18,"5,520","5,306","2,812","2,653","1,432","1,327"
14-Feb-18,"5,565","5,349","2,835","2,674","1,444","1,337"
15-Feb-18,"5,590","5,375","2,848","2,687","1,450","1,344"
19-Feb-18,"5,574","5,357","2,840","2,678","1,446","1,339"
20-Feb-18,"5,561","5,347","2,833","2,673","1,443","1,337"
21-Feb-18,"5,510","5,298","2,807","2,649","1,429","1,324"
22-Feb-18,"5,503","5,292","2,804","2,646","1,428","1,323"
23-Feb-18,"5,513","5,301","2,809","2,651","1,430","1,325"
26-Feb-18,"5,515","5,300","2,810","2,650","1,431","1,325"
27-Feb-18,"5,514","5,302","2,809","2,651","1,431","1,325"
28-Feb-18,"5,480","5,269","2,792","2,635","1,422","1,317"
01-Mar-18,"5,486","5,274","2,795","2,637","1,423","1,318"
02-Mar-18,"5,478","5,265","2,791","2,632","1,421","1,316"
05-Mar-18,"5,478","5,264","2,791","2,632","1,421","1,316"
06-Mar-18,"5,467","5,254","2,785","2,627","1,418","1,314"
07-Mar-18,"5,532","5,317","2,818","2,658","1,435","1,329"
08-Mar-18,"5,486","5,272","2,795","2,636","1,423","1,318"
09-Mar-18,"5,481","5,267","2,792","2,633","1,422","1,317"
12-Mar-18,"5,477","5,263","2,790","2,632","1,421","1,316"
13-Mar-18,"5,483","5,268","2,793","2,634","1,423","1,317"
14-Mar-18,"5,473","5,260","2,788","2,630","1,420","1,315"
15-Mar-18,"5,483","5,271","2,793","2,636","1,423","1,318"
16-Mar-18,"5,482","5,270","2,793","2,635","1,422","1,318"
19-Mar-18,"5,449","5,237","2,776","2,619","1,414","1,309"
20-Mar-18,"5,468","5,253","2,785","2,627","1,418","1,313"
21-Mar-18,"5,454","5,241","2,778","2,621","1,415","1,310"
22-Mar-18,"5,519","5,304","2,811","2,652","1,432","1,326"
23-Mar-18,"5,535","5,315","2,820","2,658","1,436","1,329"
26-Mar-18,"5,603","5,384","2,855","2,692","1,454","1,346"
27-Mar-18,"5,574","5,359","2,839","2,680","1,446","1,340"
28-Mar-18,"5,522","5,308","2,813","2,654","1,433","1,327"
29-Mar-18,"5,440","5,222","2,771","2,611","1,411","1,306"
30-Mar-18,"5,440","5,229","2,771","2,614","1,411","1,307"
02-Apr-18,"5,431","5,219","2,767","2,610","1,409","1,305"
03-Apr-18,"5,503","5,285","2,804","2,642","1,428","1,321"
04-Apr-18,"5,463","5,250","2,783","2,625","1,417","1,312"
05-Apr-18,"5,463","5,250","2,783","2,625","1,417","1,313"
06-Apr-18,"5,460","5,247","2,782","2,624","1,417","1,312"
09-Apr-18,"5,465","5,253","2,784","2,627","1,418","1,313"
10-Apr-18,"5,482","5,268","2,793","2,634","1,422","1,317"
11-Apr-18,"5,503","5,290","2,804","2,645","1,428","1,323"
12-Apr-18,"5,557","5,340","2,831","2,670","1,442","1,335"
13-Apr-18,"5,503","5,289","2,804","2,644","1,428","1,322"
16-Apr-18,"5,535","5,320","2,820","2,660","1,436","1,330"
17-Apr-18,"5,552","5,337","2,828","2,668","1,440","1,334"
18-Apr-18,"5,549","5,334","2,827","2,667","1,440","1,333"
19-Apr-18,"5,569","5,353","2,837","2,677","1,445","1,338"
20-Apr-18,"5,550","5,334","2,828","2,667","1,440","1,334"
23-Apr-18,"5,512","5,297","2,808","2,648","1,430","1,324"
24-Apr-18,"5,486","5,271","2,795","2,636","1,423","1,318"
25-Apr-18,"5,514","5,299","2,809","2,649","1,430","1,325"
26-Apr-18,"5,500","5,285","2,802","2,643","1,427","1,321"
27-Apr-18,"5,480","5,267","2,792","2,633","1,422","1,317"
30-Apr-18,"5,505","5,288","2,805","2,644","1,428","1,322"
02-May-18,"5,450","5,233","2,776","2,617","1,414","1,308"
03-May-18,"5,456","5,245","2,780","2,622","1,416","1,311"
04-May-18,"5,482","5,266","2,793","2,633","1,422","1,316"
07-May-18,"5,496","5,283","2,800","2,642","1,426","1,321"
08-May-18,"5,507","5,293","2,805","2,646","1,429","1,323"
14-May-18,"5,585","5,361","2,845","2,681","1,449","1,340"
15-May-18,"5,517","5,298","2,811","2,649","1,431","1,325"
16-May-18,"5,441","5,223","2,772","2,611","1,412","1,306"
17-May-18,"5,437","5,225","2,770","2,613","1,411","1,306"
18-May-18,"5,438","5,227","2,770","2,614","1,411","1,307"
21-May-18,"5,442","5,223","2,772","2,612","1,412","1,306"
22-May-18,"5,452","5,240","2,777","2,620","1,414","1,310"
23-May-18,"5,455","5,241","2,779","2,620","1,415","1,310"
24-May-18,"5,471","5,256","2,787","2,628","1,419","1,314"
25-May-18,"5,502","5,285","2,803","2,643","1,427","1,321"
28-May-18,"5,485","5,272","2,794","2,636","1,423","1,318"
30-May-18,"5,507","5,285","2,805","2,643","1,429","1,321"
31-May-18,"5,508","5,293","2,806","2,647","1,429","1,323"
01-Jun-18,"5,485","5,270","2,794","2,635","1,423","1,317"
04-Jun-18,"5,460","5,247","2,781","2,624","1,416","1,312"
05-Jun-18,"5,445","5,234","2,774","2,617","1,413","1,309"
06-Jun-18,"5,467","5,254","2,785","2,627","1,418","1,314"
07-Jun-18,"5,463","5,252","2,783","2,626","1,417","1,313"
08-Jun-18,"5,481","5,267","2,792","2,634","1,422","1,317"
11-Jun-18,"5,488","5,274","2,796","2,637","1,424","1,319"
12-Jun-18,"5,496","5,282","2,800","2,641","1,426","1,320"
13-Jun-18,"5,487","5,273","2,795","2,637","1,424","1,318"
14-Jun-18,"5,505","5,292","2,805","2,646","1,428","1,323"
18-Jun-18,"5,433","5,222","2,768","2,611","1,409","1,306"
19-Jun-18,"5,432","5,221","2,767","2,610","1,409","1,305"
20-Jun-18,"5,404","5,193","2,753","2,597","1,402","1,298"
21-Jun-18,"5,393","5,184","2,747","2,592","1,399","1,296"
22-Jun-18,"5,396","5,186","2,749","2,593","1,400","1,297"
25-Jun-18,"5,404","5,192","2,753","2,596","1,402","1,298"
26-Jun-18,"5,398","5,191","2,750","2,595","1,400","1,298"
27-Jun-18,"5,374","5,164","2,738","2,582","1,394","1,291"
28-Jun-18,"5,365","5,159","2,733","2,579","1,392","1,290"
29-Jun-18,"5,356","5,150","2,728","2,575","1,389","1,287"
02-Jul-18,"5,362","5,153","2,731","2,577","1,391","1,288"
03-Jul-18,"5,329","5,121","2,715","2,560","1,383","1,280"
04-Jul-18,"5,393","5,183","2,748","2,592","1,399","1,296"
05-Jul-18,"5,391","5,183","2,747","2,592","1,399","1,296"
06-Jul-18,"5,397","5,185","2,749","2,593","1,400","1,296"
09-Jul-18,"5,379","5,170","2,740","2,585","1,396","1,293"
10-Jul-18,"5,372","5,162","2,737","2,581","1,394","1,290"
11-Jul-18,"5,369","5,161","2,735","2,581","1,393","1,290"
12-Jul-18,"5,328","5,123","2,714","2,562","1,382","1,281"
13-Jul-18,"5,345","5,137","2,723","2,568","1,387","1,284"
16-Jul-18,"5,331","5,124","2,716","2,562","1,383","1,281"
17-Jul-18,"5,323","5,114","2,712","2,557","1,381","1,279"
18-Jul-18,"5,283","5,074","2,691","2,537","1,370","1,269"
19-Jul-18,"5,279","5,076","2,689","2,538","1,370","1,269"
20-Jul-18,"5,273","5,068","2,686","2,534","1,368","1,267"
23-Jul-18,"5,296","5,090","2,698","2,545","1,374","1,273"
24-Jul-18,"5,274","5,069","2,687","2,535","1,368","1,267"
25-Jul-18,"5,280","5,075","2,690","2,537","1,370","1,269"
26-Jul-18,"5,297","5,091","2,698","2,545","1,374","1,273"
27-Jul-18,"5,282","5,077","2,691","2,538","1,370","1,269"
30-Jul-18,"5,270","5,065","2,685","2,533","1,367","1,266"
31-Jul-18,"5,262","5,057","2,681","2,529","1,365","1,264"
01-Aug-18,"5,278","5,074","2,689","2,537","1,369","1,268"
02-Aug-18,"5,254","5,050","2,676","2,525","1,363","1,263"
03-Aug-18,"5,234","5,030","2,666","2,515","1,358","1,258"
06-Aug-18,"5,253","5,046","2,676","2,523","1,363","1,262"
07-Aug-18,"5,236","5,033","2,668","2,516","1,358","1,258"
08-Aug-18,"5,238","5,034","2,668","2,517","1,359","1,258"
09-Aug-18,"5,245","5,043","2,672","2,522","1,361","1,261"
10-Aug-18,"5,251","5,050","2,675","2,525","1,362","1,262"
13-Aug-18,"5,257","5,052","2,678","2,526","1,364","1,263"
14-Aug-18,"5,181","4,981","2,639","2,490","1,344","1,245"
15-Aug-18,"5,190","4,988","2,644","2,494","1,346","1,247"
16-Aug-18,"5,103","4,906","2,599","2,453","1,324","1,227"
17-Aug-18,"5,104","4,906","2,600","2,453","1,324","1,227"
20-Aug-18,"5,155","4,949","2,626","2,474","1,337","1,237"
21-Aug-18,"5,179","4,978","2,638","2,489","1,344","1,245"
23-Aug-18,"5,179","4,978","2,638","2,489","1,344","1,245"
24-Aug-18,"5,159","4,961","2,628","2,480","1,338","1,240"
27-Aug-18,"5,239","5,036","2,669","2,518","1,359","1,259"
28-Aug-18,"5,261","5,059","2,680","2,529","1,365","1,265"
29-Aug-18,"5,234","5,033","2,666","2,516","1,358","1,258"
30-Aug-18,"5,249","5,045","2,674","2,523","1,362","1,261"
03-Sep-18,"5,243","5,035","2,671","2,517","1,360","1,259"
04-Sep-18,"5,264","5,061","2,682","2,530","1,366","1,265"
05-Sep-18,"5,236","5,033","2,668","2,516","1,358","1,258"
06-Sep-18,"5,271","5,066","2,685","2,533","1,367","1,267"
07-Sep-18,"5,281","5,076","2,690","2,538","1,370","1,269"
12-Sep-18,"5,271","5,065","2,685","2,532","1,367","1,266"
13-Sep-18,"5,298","5,094","2,699","2,547","1,374","1,273"
14-Sep-18,"5,284","5,080","2,692","2,540","1,371","1,270"
18-Sep-18,"5,272","5,068","2,686","2,534","1,368","1,267"
19-Sep-18,"5,269","5,067","2,684","2,533","1,367","1,267"
20-Sep-18,"5,287","5,082","2,693","2,541","1,372","1,271"
21-Sep-18,"5,295","5,089","2,697","2,544","1,374","1,272"
24-Sep-18,"5,256","5,051","2,677","2,526","1,363","1,263"
25-Sep-18,"5,260","5,055","2,679","2,527","1,365","1,264"
26-Sep-18,"5,271","5,067","2,685","2,533","1,367","1,267"
27-Sep-18,"5,256","5,054","2,677","2,527","1,364","1,263"
28-Sep-18,"5,201","5,001","2,650","2,501","1,349","1,250"
01-Oct-18,"5,228","5,023","2,663","2,512","1,356","1,256"
02-Oct-18,"5,225","5,023","2,662","2,511","1,355","1,256"
03-Oct-18,"5,302","5,096","2,701","2,548","1,376","1,274"
04-Oct-18,"5,272","5,067","2,686","2,534","1,368","1,267"
05-Oct-18,"5,270","5,065","2,685","2,532","1,367","1,266"
08-Oct-18,"5,297","5,091","2,699","2,546","1,374","1,273"
09-Oct-18,"5,248","5,044","2,674","2,522","1,362","1,261"
10-Oct-18,"5,241","5,037","2,670","2,518","1,360","1,259"
11-Oct-18,"5,264","5,060","2,682","2,530","1,366","1,265"
12-Oct-18,"5,376","5,167","2,739","2,584","1,395","1,292"
15-Oct-18,"5,381","5,172","2,741","2,586","1,396","1,293"
16-Oct-18,"5,412","5,202","2,757","2,601","1,404","1,300"
17-Oct-18,"5,394","5,184","2,748","2,592","1,399","1,296"
18-Oct-18,"5,392","5,181","2,747","2,590","1,399","1,295"
19-Oct-18,"5,413","5,203","2,758","2,601","1,404","1,301"
22-Oct-18,"5,418","5,206","2,760","2,603","1,406","1,302"
23-Oct-18,"5,399","5,189","2,750","2,594","1,401","1,297"
24-Oct-18,"5,439","5,229","2,771","2,614","1,411","1,307"
25-Oct-18,"5,464","5,251","2,783","2,626","1,417","1,313"
26-Oct-18,"5,453","5,241","2,778","2,620","1,415","1,310"
29-Oct-18,"5,456","5,244","2,780","2,622","1,416","1,311"
30-Oct-18,"5,453","5,240","2,778","2,620","1,415","1,310"
31-Oct-18,"5,421","5,210","2,762","2,605","1,406","1,302"
01-Nov-18,"5,401","5,192","2,751","2,596","1,401","1,298"
05-Nov-18,"5,456","5,244","2,779","2,622","1,415","1,311"
07-Nov-18,"5,435","5,224","2,769","2,612","1,410","1,306"
08-Nov-18,"5,418","5,206","2,760","2,603","1,406","1,302"
09-Nov-18,"5,413","5,202","2,757","2,601","1,404","1,301"
12-Nov-18,"5,371","5,164","2,736","2,582","1,393","1,291"
13-Nov-18,"5,347","5,139","2,724","2,569","1,387","1,285"
14-Nov-18,"5,344","5,136","2,722","2,568","1,386","1,284"
15-Nov-18,"5,385","5,176","2,744","2,588","1,397","1,294"
16-Nov-18,"5,395","5,185","2,748","2,592","1,400","1,296"
19-Nov-18,"5,425","5,216","2,764","2,608","1,407","1,304"
21-Nov-18,"5,432","5,222","2,767","2,611","1,409","1,306"
22-Nov-18,"5,455","5,243","2,779","2,621","1,415","1,311"
23-Nov-18,"5,463","5,252","2,783","2,626","1,417","1,313"
26-Nov-18,"5,450","5,238","2,777","2,619","1,414","1,310"
27-Nov-18,"5,435","5,224","2,769","2,612","1,410","1,306"
28-Nov-18,"5,401","5,192","2,751","2,596","1,401","1,298"
29-Nov-18,"5,432","5,222","2,767","2,611","1,409","1,305"
30-Nov-18,"5,437","5,227","2,770","2,613","1,411","1,307"
03-Dec-18,"5,418","5,204","2,760","2,602","1,406","1,301"
04-Dec-18,"5,441","5,229","2,772","2,615","1,412","1,307"
05-Dec-18,"5,455","5,242","2,779","2,621","1,415","1,311"
06-Dec-18,"5,459","5,247","2,781","2,623","1,416","1,312"
07-Dec-18,"5,471","5,258","2,787","2,629","1,419","1,314"
10-Dec-18,"5,519","5,304","2,812","2,652","1,432","1,326"
11-Dec-18,"5,515","5,300","2,809","2,650","1,431","1,325"
12-Dec-18,"5,519","5,305","2,812","2,652","1,432","1,326"
13-Dec-18,"5,527","5,313","2,816","2,657","1,434","1,328"
14-Dec-18,"5,506","5,294","2,805","2,647","1,429","1,323"
17-Dec-18,"5,499","5,285","2,801","2,643","1,427","1,321"
18-Dec-18,"5,524","5,311","2,814","2,655","1,433","1,328"
19-Dec-18,"5,542","5,326","2,823","2,663","1,438","1,332"
20-Dec-18,"5,524","5,310","2,814","2,655","1,433","1,328"
21-Dec-18,"5,592","5,375","2,849","2,687","1,451","1,344"
24-Dec-18,"5,598","5,376","2,852","2,688","1,452","1,344"
26-Dec-18,"5,624","5,401","2,865","2,701","1,459","1,350"
27-Dec-18,"5,625","5,407","2,865","2,704","1,459","1,352"
28-Dec-18,"5,632","5,409","2,869","2,704","1,461","1,352"
31-Dec-18,"5,627","5,411","2,867","2,705","1,460","1,353"
02-Jan-19,"5,620","5,401","2,863","2,701","1,458","1,350"
03-Jan-19,"5,656","5,438","2,881","2,719","1,467","1,359"
04-Jan-19,"5,687","5,467","2,897","2,734","1,475","1,367"
07-Jan-19,"5,615","5,396","2,860","2,698","1,457","1,349"
08-Jan-19,"5,616","5,401","2,861","2,700","1,457","1,350"
09-Jan-19,"5,606","5,389","2,856","2,694","1,454","1,347"
10-Jan-19,"5,625","5,406","2,865","2,703","1,459","1,351"
11-Jan-19,"5,597","5,379","2,851","2,689","1,452","1,345"
14-Jan-19,"5,600","5,382","2,853","2,691","1,453","1,345"
15-Jan-19,"5,613","5,397","2,859","2,699","1,456","1,349"
16-Jan-19,"5,620","5,398","2,863","2,699","1,458","1,349"
17-Jan-19,"5,640","5,420","2,873","2,710","1,463","1,355"
18-Jan-19,"5,628","5,409","2,867","2,705","1,460","1,352"
22-Jan-19,"5,592","5,375","2,849","2,687","1,451","1,344"
23-Jan-19,"5,630","5,411","2,868","2,706","1,461","1,353"
24-Jan-19,"5,629","5,410","2,868","2,705","1,460","1,352"
25-Jan-19,"5,629","5,410","2,868","2,705","1,460","1,352"
28-Jan-19,"5,670","5,450","2,889","2,725","1,471","1,362"
29-Jan-19,"5,684","5,463","2,896","2,731","1,475","1,366"
30-Jan-19,"5,716","5,495","2,912","2,747","1,483","1,374"
31-Jan-19,"5,728","5,508","2,918","2,754","1,486","1,377"
04-Feb-19,"5,732","5,509","2,920","2,755","1,487","1,377"
07-Feb-19,"5,687","5,465","2,897","2,733","1,475","1,366"
08-Feb-19,"5,668","5,447","2,887","2,724","1,470","1,362"
11-Feb-19,"5,669","5,448","2,888","2,724","1,471","1,362"
12-Feb-19,"5,657","5,437","2,882","2,718","1,468","1,359"
13-Feb-19,"5,661","5,438","2,884","2,719","1,469","1,360"
14-Feb-19,"5,647","5,428","2,877","2,714","1,465","1,357"
15-Feb-19,"5,673","5,452","2,890","2,726","1,472","1,363"
18-Feb-19,"5,715","5,486","2,911","2,743","1,483","1,371"
19-Feb-19,"5,745","5,520","2,927","2,760","1,490","1,380"
20-Feb-19,"5,782","5,559","2,946","2,779","1,500","1,390"
21-Feb-19,"5,785","5,559","2,947","2,780","1,501","1,390"
22-Feb-19,"5,735","5,512","2,922","2,756","1,488","1,378"
25-Feb-19,"5,730","5,507","2,919","2,753","1,486","1,377"
26-Feb-19,"5,728","5,505","2,918","2,753","1,486","1,376"
27-Feb-19,"5,735","5,510","2,922","2,755","1,488","1,378"
28-Feb-19,"5,699","5,480","2,903","2,740","1,479","1,370"
01-Mar-19,"5,677","5,456","2,892","2,728","1,473","1,364"
04-Mar-19,"5,592","5,371","2,849","2,686","1,451","1,343"
05-Mar-19,"5,561","5,344","2,833","2,672","1,443","1,336"
06-Mar-19,"5,579","5,363","2,842","2,681","1,447","1,341"
07-Mar-19,"5,589","5,370","2,847","2,685","1,450","1,343"
08-Mar-19,"5,589","5,371","2,847","2,686","1,450","1,343"
11-Mar-19,"5,625","5,407","2,865","2,704","1,459","1,352"
12-Mar-19,"5,600","5,383","2,853","2,691","1,453","1,346"
13-Mar-19,"5,639","5,419","2,873","2,710","1,463","1,355"
14-Mar-19,"5,671","5,453","2,889","2,727","1,471","1,363"
15-Mar-19,"5,622","5,403","2,864","2,701","1,458","1,351"
18-Mar-19,"5,645","5,419","2,876","2,709","1,464","1,355"
19-Mar-19,"5,643","5,423","2,875","2,712","1,464","1,356"
20-Mar-19,"5,650","5,431","2,879","2,715","1,466","1,358"
21-Mar-19,"5,657","5,437","2,882","2,719","1,468","1,359"
22-Mar-19,"5,643","5,417","2,875","2,708","1,464","1,354"
25-Mar-19,"5,666","5,439","2,887","2,720","1,470","1,360"
26-Mar-19,"5,699","5,480","2,903","2,740","1,478","1,370"
27-Mar-19,"5,695","5,473","2,901","2,737","1,477","1,368"
28-Mar-19,"5,669","5,441","2,888","2,721","1,471","1,360"
29-Mar-19,"5,587","5,371","2,846","2,686","1,450","1,343"
01-Apr-19,"5,588","5,371","2,847","2,685","1,450","1,343"
02-Apr-19,"5,581","5,364","2,843","2,682","1,448","1,341"
03-Apr-19,"5,594","5,376","2,850","2,688","1,451","1,344"
04-Apr-19,"5,593","5,376","2,849","2,688","1,451","1,344"
05-Apr-19,"5,595","5,377","2,850","2,688","1,451","1,344"
08-Apr-19,"5,604","5,380","2,855","2,690","1,454","1,345"
09-Apr-19,"5,638","5,419","2,872","2,709","1,463","1,355"
10-Apr-19,"5,669","5,448","2,888","2,724","1,471","1,362"
11-Apr-19,"5,697","5,475","2,902","2,738","1,478","1,369"
12-Apr-19,"5,653","5,433","2,880","2,717","1,467","1,358"
15-Apr-19,"5,630","5,401","2,868","2,701","1,461","1,350"
16-Apr-19,"5,611","5,396","2,859","2,698","1,456","1,349"
17-Apr-19,"5,592","5,375","2,849","2,687","1,451","1,344"
18-Apr-19,"5,593","5,372","2,849","2,686","1,451","1,343"
19-Apr-19,"5,609","5,391","2,858","2,696","1,455","1,348"
22-Apr-19,"5,599","5,384","2,852","2,692","1,453","1,346"
23-Apr-19,"5,586","5,370","2,846","2,685","1,449","1,343"
24-Apr-19,"5,572","5,356","2,839","2,678","1,446","1,339"
25-Apr-19,"5,587","5,372","2,846","2,686","1,449","1,343"
26-Apr-19,"5,608","5,392","2,857","2,696","1,455","1,348"
29-Apr-19,"5,634","5,415","2,870","2,708","1,462","1,354"
30-Apr-19,"5,614","5,396","2,860","2,698","1,457","1,349"
02-May-19,"5,599","5,384","2,852","2,692","1,453","1,346"
03-May-19,"5,599","5,384","2,852","2,692","1,453","1,346"
06-May-19,"5,645","5,428","2,876","2,714","1,464","1,357"
07-May-19,"5,645","5,428","2,876","2,714","1,465","1,357"
08-May-19,"5,654","5,437","2,880","2,718","1,467","1,359"
09-May-19,"5,638","5,421","2,872","2,711","1,463","1,355"
10-May-19,"5,638","5,421","2,872","2,711","1,463","1,355"
13-May-19,"5,680","5,462","2,894","2,731","1,474","1,365"
14-May-19,"5,762","5,540","2,935","2,770","1,495","1,385"
15-May-19,"5,742","5,521","2,925","2,761","1,490","1,380"
16-May-19,"5,737","5,516","2,923","2,758","1,488","1,379"
17-May-19,"5,689","5,470","2,898","2,735","1,476","1,368"
21-May-19,"5,653","5,429","2,880","2,715","1,467","1,357"
23-May-19,"5,663","5,443","2,885","2,722","1,469","1,361"
24-May-19,"5,707","5,485","2,907","2,743","1,481","1,371"
27-May-19,"5,702","5,480","2,905","2,740","1,479","1,370"
28-May-19,"5,712","5,492","2,910","2,746","1,482","1,373"
29-May-19,"5,697","5,476","2,902","2,738","1,478","1,369"
30-May-19,"5,691","5,470","2,899","2,735","1,477","1,367"
31-May-19,"5,744","5,521","2,926","2,760","1,490","1,380"
03-Jun-19,"5,823","5,597","2,967","2,798","1,511","1,399"
04-Jun-19,"5,874","5,645","2,992","2,823","1,524","1,411"
07-Jun-19,"5,897","5,667","3,004","2,834","1,530","1,417"
10-Jun-19,"5,888","5,659","2,999","2,829","1,528","1,415"
11-Jun-19,"5,866","5,638","2,988","2,819","1,522","1,410"
12-Jun-19,"5,860","5,632","2,985","2,816","1,520","1,408"
13-Jun-19,"5,892","5,663","3,002","2,832","1,529","1,416"
14-Jun-19,"5,941","5,710","3,027","2,855","1,541","1,428"
17-Jun-19,"5,926","5,695","3,019","2,848","1,537","1,424"
18-Jun-19,"5,933","5,703","3,022","2,852","1,539","1,426"
19-Jun-19,"5,959","5,728","3,036","2,864","1,546","1,432"
20-Jun-19,"6,009","5,775","3,061","2,888","1,559","1,444"
21-Jun-19,"6,131","5,893","3,123","2,946","1,591","1,473"
24-Jun-19,"6,189","5,951","3,153","2,976","1,606","1,488"
25-Jun-19,"6,263","6,021","3,190","3,010","1,625","1,505"
26-Jun-19,"6,244","6,004","3,181","3,002","1,620","1,501"
27-Jun-19,"6,213","5,971","3,165","2,986","1,612","1,493"
28-Jun-19,"6,216","5,977","3,167","2,988","1,613","1,494"
01-Jul-19,"6,092","5,856","3,103","2,928","1,580","1,464"
02-Jul-19,"6,082","5,847","3,099","2,924","1,578","1,462"
03-Jul-19,"6,269","6,025","3,193","3,012","1,626","1,506"
04-Jul-19,"6,236","5,994","3,177","2,997","1,618","1,498"
05-Jul-19,"6,220","5,978","3,169","2,989","1,614","1,495"
08-Jul-19,"6,142","5,899","3,129","2,949","1,593","1,475"
09-Jul-19,"6,126","5,888","3,121","2,944","1,589","1,472"
10-Jul-19,"6,125","5,887","3,120","2,944","1,589","1,472"
11-Jul-19,"6,241","6,001","3,180","3,001","1,619","1,500"
12-Jul-19,"6,139","5,901","3,127","2,951","1,593","1,475"
15-Jul-19,"6,180","5,940","3,148","2,970","1,603","1,485"
16-Jul-19,"6,173","5,936","3,145","2,968","1,602","1,484"
17-Jul-19,"6,127","5,889","3,121","2,944","1,590","1,472"
18-Jul-19,"6,217","5,978","3,167","2,989","1,613","1,494"
19-Jul-19,"6,284","6,043","3,201","3,021","1,630","1,511"
22-Jul-19,"6,224","5,982","3,171","2,991","1,615","1,496"
23-Jul-19,"6,212","5,970","3,164","2,985","1,612","1,492"
24-Jul-19,"6,197","5,955","3,157","2,978","1,608","1,489"
25-Jul-19,"6,222","5,982","3,170","2,991","1,614","1,496"
26-Jul-19,"6,188","5,947","3,152","2,974","1,605","1,487"
29-Jul-19,"6,200","5,961","3,158","2,981","1,608","1,490"
31-Jul-19,"6,260","6,018","3,189","3,009","1,624","1,504"
01-Aug-19,"6,188","5,950","3,152","2,975","1,605","1,488"
02-Aug-19,"6,337","6,094","3,228","3,047","1,644","1,523"
05-Aug-19,"6,360","6,112","3,240","3,056","1,650","1,528"
06-Aug-19,"6,544","6,290","3,334","3,145","1,698","1,572"
07-Aug-19,"6,572","6,314","3,348","3,157","1,705","1,578"
08-Aug-19,"6,685","6,425","3,405","3,212","1,734","1,606"
09-Aug-19,"6,675","6,415","3,400","3,208","1,732","1,604"
13-Aug-19,"6,727","6,465","3,427","3,233","1,745","1,616"
14-Aug-19,"6,669","6,410","3,397","3,205","1,730","1,602"
15-Aug-19,"6,753","6,491","3,440","3,245","1,752","1,623"
16-Aug-19,"6,786","6,522","3,457","3,261","1,760","1,630"
19-Aug-19,"6,688","6,425","3,407","3,213","1,735","1,606"
20-Aug-19,"6,636","6,381","3,381","3,191","1,722","1,595"
21-Aug-19,"6,681","6,421","3,404","3,211","1,733","1,605"
22-Aug-19,"6,659","6,401","3,393","3,200","1,728","1,600"
23-Aug-19,"6,650","6,393","3,388","3,196","1,725","1,598"
26-Aug-19,"6,897","6,632","3,514","3,316","1,789","1,658"
27-Aug-19,"6,819","6,554","3,474","3,277","1,769","1,638"
28-Aug-19,"6,885","6,618","3,508","3,309","1,786","1,654"
29-Aug-19,"6,879","6,611","3,504","3,306","1,785","1,653"
30-Aug-19,"6,816","6,554","3,472","3,277","1,768","1,639"
03-Sep-19,"6,829","6,563","3,479","3,282","1,772","1,641"
04-Sep-19,"6,925","6,654","3,528","3,327","1,796","1,663"
05-Sep-19,"6,889","6,620","3,510","3,310","1,787","1,655"
06-Sep-19,"6,753","6,490","3,440","3,245","1,752","1,623"
10-Sep-19,"6,611","6,354","3,368","3,177","1,715","1,588"
11-Sep-19,"6,587","6,331","3,356","3,165","1,709","1,583"
12-Sep-19,"6,609","6,354","3,367","3,177","1,715","1,588"
13-Sep-19,"6,623","6,366","3,374","3,183","1,718","1,591"
17-Sep-19,"6,633","6,367","3,379","3,184","1,721","1,592"
18-Sep-19,"6,654","6,395","3,390","3,198","1,726","1,599"
19-Sep-19,"6,628","6,374","3,377","3,187","1,720","1,593"
20-Sep-19,"6,668","6,409","3,397","3,204","1,730","1,602"
23-Sep-19,"6,704","6,444","3,415","3,222","1,739","1,611"
24-Sep-19,"6,737","6,476","3,432","3,238","1,748","1,619"
25-Sep-19,"6,801","6,537","3,465","3,268","1,764","1,634"
26-Sep-19,"6,712","6,451","3,419","3,226","1,741","1,613"
27-Sep-19,"6,692","6,432","3,409","3,216","1,736","1,608"
30-Sep-19,"6,650","6,393","3,388","3,196","1,725","1,598"
01-Oct-19,"6,549","6,295","3,336","3,148","1,699","1,574"
02-Oct-19,"6,577","6,322","3,351","3,161","1,706","1,580"
03-Oct-19,"6,662","6,403","3,394","3,201","1,728","1,601"
04-Oct-19,"6,689","6,429","3,408","3,214","1,735","1,607"
07-Oct-19,"6,696","6,436","3,411","3,218","1,737","1,609"
08-Oct-19,"6,631","6,373","3,378","3,187","1,720","1,593"
09-Oct-19,"6,713","6,453","3,420","3,227","1,742","1,613"
10-Oct-19,"6,720","6,462","3,423","3,231","1,743","1,615"
11-Oct-19,"6,635","6,377","3,380","3,189","1,721","1,594"
14-Oct-19,"6,584","6,328","3,354","3,164","1,708","1,582"
15-Oct-19,"6,622","6,364","3,373","3,182","1,718","1,591"
16-Oct-19,"6,590","6,336","3,357","3,168","1,710","1,584"
17-Oct-19,"6,620","6,366","3,373","3,183","1,718","1,591"
18-Oct-19,"6,614","6,360","3,369","3,180","1,716","1,590"
21-Oct-19,"6,618","6,361","3,371","3,180","1,717","1,590"
22-Oct-19,"6,579","6,327","3,352","3,163","1,707","1,582"
23-Oct-19,"6,623","6,368","3,374","3,184","1,718","1,592"
24-Oct-19,"6,627","6,372","3,376","3,186","1,719","1,593"
25-Oct-19,"6,675","6,418","3,400","3,209","1,732","1,605"
29-Oct-19,"6,622","6,364","3,373","3,182","1,718","1,591"
30-Oct-19,"6,602","6,348","3,363","3,174","1,713","1,587"
31-Oct-19,"6,622","6,366","3,374","3,183","1,718","1,592"
01-Nov-19,"6,703","6,444","3,415","3,222","1,739","1,611"
04-Nov-19,"6,675","6,418","3,400","3,209","1,732","1,605"
05-Nov-19,"6,630","6,374","3,378","3,187","1,720","1,593"
06-Nov-19,"6,508","6,256","3,315","3,128","1,688","1,564"
07-Nov-19,"6,556","6,301","3,340","3,151","1,701","1,575"
08-Nov-19,"6,415","6,165","3,268","3,083","1,664","1,541"
11-Nov-19,"6,412","6,162","3,266","3,081","1,663","1,541"
12-Nov-19,"6,402","6,153","3,261","3,076","1,661","1,538"
13-Nov-19,"6,416","6,167","3,269","3,083","1,665","1,542"
14-Nov-19,"6,451","6,199","3,286","3,099","1,674","1,550"
15-Nov-19,"6,471","6,222","3,296","3,111","1,679","1,556"
18-Nov-19,"6,469","6,218","3,296","3,109","1,678","1,554"
19-Nov-19,"6,506","6,254","3,314","3,127","1,688","1,564"
20-Nov-19,"6,498","6,249","3,311","3,124","1,686","1,562"
21-Nov-19,"6,525","6,272","3,324","3,136","1,693","1,568"
22-Nov-19,"6,476","6,223","3,299","3,111","1,680","1,556"
25-Nov-19,"6,469","6,217","3,295","3,109","1,678","1,554"
26-Nov-19,"6,444","6,192","3,283","3,096","1,672","1,548"
27-Nov-19,"6,472","6,222","3,297","3,111","1,679","1,555"
28-Nov-19,"6,448","6,197","3,285","3,099","1,673","1,549"
29-Nov-19,"6,444","6,194","3,283","3,097","1,672","1,548"
02-Dec-19,"6,470","6,219","3,296","3,109","1,679","1,555"
03-Dec-19,"6,473","6,221","3,297","3,110","1,679","1,555"
04-Dec-19,"6,552","6,297","3,338","3,149","1,700","1,574"
05-Dec-19,"6,531","6,277","3,327","3,139","1,694","1,569"
06-Dec-19,"6,521","6,267","3,322","3,134","1,692","1,567"
09-Dec-19,"6,449","6,198","3,285","3,099","1,673","1,550"
10-Dec-19,"6,446","6,196","3,284","3,098","1,672","1,549"
12-Dec-19,"6,461","6,207","3,292","3,103","1,676","1,552"
13-Dec-19,"6,432","6,182","3,277","3,091","1,669","1,545"
16-Dec-19,"6,478","6,226","3,300","3,113","1,681","1,556"
17-Dec-19,"6,487","6,235","3,305","3,117","1,683","1,559"
18-Dec-19,"6,483","6,231","3,303","3,116","1,682","1,558"
19-Dec-19,"6,479","6,227","3,300","3,113","1,681","1,557"
20-Dec-19,"6,494","6,241","3,308","3,120","1,685","1,560"
23-Dec-19,"6,495","6,242","3,309","3,121","1,685","1,561"
24-Dec-19,"6,527","6,276","3,325","3,138","1,693","1,569"
26-Dec-19,"6,573","6,321","3,349","3,160","1,705","1,580"
27-Dec-19,"6,623","6,368","3,374","3,184","1,718","1,592"
30-Dec-19,"6,622","6,364","3,373","3,182","1,718","1,591"
31-Dec-19,"6,594","6,338","3,359","3,169","1,711","1,584"
02-Jan-20,"6,590","6,334","3,357","3,167","1,710","1,583"
03-Jan-20,"6,633","6,378","3,379","3,189","1,721","1,595"
06-Jan-20,"6,825","6,559","3,477","3,280","1,771","1,640"
07-Jan-20,"6,800","6,538","3,464","3,269","1,764","1,635"
08-Jan-20,"6,968","6,700","3,550","3,350","1,808","1,675"
09-Jan-20,"6,747","6,485","3,437","3,242","1,750","1,621"
10-Jan-20,"6,733","6,471","3,430","3,235","1,747","1,618"
13-Jan-20,"6,732","6,473","3,429","3,236","1,746","1,618"
14-Jan-20,"6,638","6,379","3,382","3,190","1,722","1,595"
15-Jan-20,"6,703","6,446","3,415","3,223","1,739","1,611"
16-Jan-20,"6,720","6,462","3,423","3,231","1,743","1,615"
17-Jan-20,"6,691","6,433","3,408","3,217","1,736","1,608"
20-Jan-20,"6,705","6,444","3,416","3,222","1,740","1,611"
21-Jan-20,"6,726","6,466","3,427","3,233","1,745","1,617"
22-Jan-20,"6,731","6,469","3,429","3,234","1,746","1,617"
23-Jan-20,"6,736","6,474","3,432","3,237","1,748","1,618"
24-Jan-20,"6,740","6,479","3,434","3,240","1,749","1,622"
28-Jan-20,"6,847","6,572","3,488","3,286","1,776","1,643"
29-Jan-20,"6,790","6,526","3,459","3,263","1,762","1,631"
30-Jan-20,"6,831","6,565","3,480","3,283","1,772","1,641"
31-Jan-20,"6,827","6,565","3,478","3,282","1,771","1,641"
03-Feb-20,"6,914","6,647","3,522","3,324","1,794","1,662"
04-Feb-20,"6,890","6,624","3,510","3,312","1,788","1,656"
05-Feb-20,"6,768","6,506","3,448","3,253","1,756","1,626"
06-Feb-20,"6,797","6,534","3,463","3,267","1,763","1,634"
07-Feb-20,"6,857","6,592","3,493","3,296","1,779","1,648"
10-Feb-20,"6,921","6,653","3,526","3,327","1,795","1,663"
11-Feb-20,"6,909","6,640","3,520","3,320","1,792","1,660"
12-Feb-20,"6,868","6,604","3,499","3,302","1,782","1,651"
13-Feb-20,"6,899","6,632","3,514","3,316","1,790","1,658"
14-Feb-20,"6,932","6,664","3,532","3,332","1,798","1,666"
17-Feb-20,"6,958","6,689","3,545","3,345","1,805","1,672"
18-Feb-20,"6,970","6,697","3,551","3,348","1,808","1,674"
19-Feb-20,"7,050","6,776","3,591","3,388","1,829","1,694"
20-Feb-20,"7,116","6,837","3,625","3,419","1,846","1,709"
21-Feb-20,"7,208","6,919","3,672","3,460","1,870","1,730"
24-Feb-20,"7,439","7,152","3,790","3,576","1,930","1,788"
25-Feb-20,"7,365","7,079","3,752","3,539","1,911","1,770"
26-Feb-20,"7,372","7,082","3,756","3,541","1,913","1,771"
27-Feb-20,"7,380","7,091","3,759","3,546","1,915","1,773"
28-Feb-20,"7,348","7,062","3,743","3,531","1,906","1,765"
02-Mar-20,"7,092","6,815","3,613","3,407","1,840","1,704"
03-Mar-20,"7,092","6,820","3,613","3,410","1,840","1,705"
04-Mar-20,"7,310","7,028","3,724","3,514","1,897","1,757"
05-Mar-20,"7,255","6,972","3,696","3,486","1,882","1,743"
06-Mar-20,"7,402","7,109","3,771","3,555","1,920","1,777"
09-Mar-20,"7,556","7,262","3,849","3,631","1,960","1,816"
10-Mar-20,"7,479","7,186","3,810","3,593","1,940","1,797"
11-Mar-20,"7,446","7,159","3,793","3,579","1,932","1,790"
12-Mar-20,"7,414","7,121","3,777","3,561","1,924","1,780"
13-Mar-20,"7,180","6,898","3,658","3,449","1,863","1,724"
16-Mar-20,"7,079","6,798","3,606","3,399","1,837","1,699"
17-Mar-20,"6,922","6,655","3,526","3,327","1,796","1,664"
18-Mar-20,"7,111","6,829","3,623","3,414","1,845","1,707"
19-Mar-20,"6,936","6,662","3,533","3,331","1,799","1,665"
20-Mar-20,"6,902","6,634","3,516","3,317","1,791","1,659"
23-Mar-20,"6,999","6,723","3,566","3,361","1,816","1,681"
24-Mar-20,"7,366","7,074","3,753","3,537","1,911","1,769"
25-Mar-20,"7,703","7,400","3,924","3,700","1,998","1,850"
26-Mar-20,"7,521","7,221","3,831","3,610","1,951","1,805"
27-Mar-20,"7,457","7,150","3,799","3,575","1,935","1,788"
30-Mar-20,"7,488","7,180","3,815","3,590","1,943","1,795"
31-Mar-20,"7,447","7,142","3,794","3,571","1,932","1,785"
01-Apr-20,"7,213","6,933","3,674","3,466","1,871","1,733"
02-Apr-20,"7,389","7,098","3,764","3,549","1,917","1,775"
03-Apr-20,"7,466","7,168","3,803","3,584","1,937","1,792"
06-Apr-20,"7,530","7,230","3,836","3,615","1,954","1,807"
07-Apr-20,"7,669","7,363","3,907","3,681","1,990","1,841"
08-Apr-20,"7,612","7,308","3,878","3,654","1,975","1,827"
09-Apr-20,"7,592","7,288","3,867","3,644","1,970","1,822"
10-Apr-20,"7,726","7,409","3,936","3,704","2,004","1,852"
13-Apr-20,"7,749","7,431","3,948","3,715","2,010","1,858"
14-Apr-20,"7,892","7,577","4,021","3,788","2,048","1,894"
15-Apr-20,"7,941","7,615","4,045","3,807","2,060","1,904"
16-Apr-20,"7,930","7,613","4,040","3,807","2,057","1,903"
17-Apr-20,"7,947","7,621","4,049","3,811","2,062","1,905"
20-Apr-20,"7,775","7,464","3,961","3,732","2,017","1,866"
21-Apr-20,"7,876","7,553","4,012","3,776","2,043","1,888"
22-Apr-20,"7,872","7,558","4,010","3,779","2,042","1,890"
23-Apr-20,"7,936","7,619","4,043","3,810","2,059","1,905"
24-Apr-20,"8,000","7,680","4,075","3,840","2,075","1,920"
27-Apr-20,"7,977","7,667","4,064","3,834","2,069","1,917"
28-Apr-20,"7,911","7,595","4,030","3,798","2,052","1,899"
29-Apr-20,"7,900","7,585","4,025","3,792","2,050","1,896"
30-Apr-20,"7,889","7,574","4,019","3,787","2,047","1,893"
04-May-20,"7,843","7,530","3,996","3,765","2,035","1,883"
05-May-20,"7,792","7,479","3,970","3,739","2,022","1,870"
06-May-20,"7,782","7,471","3,964","3,735","2,019","1,868"
08-May-20,"7,818","7,511","3,983","3,756","2,028","1,878"
11-May-20,"8,393","8,057","4,276","4,028","2,177","2,104"
12-May-20,"7,834","7,521","3,991","3,760","2,032","1,880"
13-May-20,"7,859","7,545","4,004","3,772","2,039","1,886"
14-May-20,"7,914","7,605","4,032","3,803","2,053","1,901"
15-May-20,"7,971","7,660","4,061","3,830","2,068","1,915"
18-May-20,"8,132","7,807","4,143","3,904","2,110","1,952"
19-May-20,"8,003","7,683","4,077","3,842","2,076","1,921"
20-May-20,"8,060","7,741","4,106","3,871","2,091","1,935"
21-May-20,"8,072","7,757","4,112","3,879","2,094","1,939"
22-May-20,"7,987","7,668","4,069","3,834","2,072","1,917"
27-May-20,"7,907","7,591","4,028","3,795","2,051","1,898"
28-May-20,"7,911","7,595","4,030","3,797","2,052","1,899"
29-May-20,"7,951","7,637","4,050","3,818","2,063","1,909"
01-Jun-20,"8,006","7,695","4,078","3,847","2,077","1,924"
02-Jun-20,"7,962","7,644","4,056","3,822","2,066","1,911"
03-Jun-20,"7,804","7,492","3,976","3,746","2,025","1,873"
04-Jun-20,"7,689","7,387","3,917","3,693","1,995","1,847"
05-Jun-20,"7,765","7,454","3,956","3,727","2,014","1,864"
09-Jun-20,"7,656","7,350","3,900","3,675","1,986","1,837"
10-Jun-20,"7,773","7,475","3,960","3,737","2,017","1,869"
11-Jun-20,"7,832","7,523","3,990","3,761","2,032","1,881"
12-Jun-20,"7,848","7,534","3,998","3,767","2,036","1,884"
15-Jun-20,"7,867","7,549","4,008","3,775","2,041","1,887"
16-Jun-20,"7,812","7,499","3,980","3,750","2,027","1,875"
17-Jun-20,"7,844","7,530","3,996","3,765","2,035","1,883"
18-Jun-20,"7,848","7,534","3,998","3,767","2,036","1,884"
19-Jun-20,"7,838","7,525","3,993","3,762","2,033","1,881"
22-Jun-20,"7,952","7,634","4,051","3,817","2,063","1,909"
23-Jun-20,"7,954","7,645","4,052","3,822","2,064","1,911"
24-Jun-20,"8,034","7,722","4,093","3,861","2,084","1,931"
25-Jun-20,"8,010","7,693","4,080","3,847","2,078","1,923"
26-Jun-20,"8,009","7,698","4,080","3,849","2,078","1,924"
29-Jun-20,"8,080","7,757","4,116","3,878","2,096","1,939"
30-Jun-20,"8,054","7,739","4,103","3,869","2,089","1,935"
01-Jul-20,"8,099","7,780","4,126","3,890","2,101","1,945"
02-Jul-20,"8,038","7,726","4,095","3,863","2,085","1,931"
03-Jul-20,"8,074","7,760","4,113","3,880","2,095","1,940"
06-Jul-20,"8,075","7,757","4,114","3,879","2,095","1,939"
07-Jul-20,"8,096","7,782","4,125","3,891","2,100","1,945"
08-Jul-20,"8,144","7,827","4,149","3,914","2,113","1,957"
09-Jul-20,"8,185","7,861","4,170","3,931","2,123","1,965"
10-Jul-20,"8,166","7,843","4,160","3,922","2,119","1,961"
13-Jul-20,"8,152","7,829","4,153","3,915","2,115","1,957"
14-Jul-20,"8,151","7,834","4,152","3,917","2,115","1,959"
15-Jul-20,"8,189","7,871","4,172","3,936","2,125","1,968"
16-Jul-20,"8,198","7,879","4,176","3,940","2,127","1,970"
17-Jul-20,"8,150","7,834","4,152","3,917","2,115","1,958"
20-Jul-20,"8,184","7,864","4,169","3,932","2,123","1,966"
21-Jul-20,"8,209","7,888","4,182","3,944","2,130","1,972"
22-Jul-20,"8,316","7,993","4,236","3,996","2,157","1,998"
23-Jul-20,"8,458","8,128","4,309","4,064","2,194","2,032"
24-Jul-20,"8,512","8,180","4,336","4,090","2,208","2,045"
27-Jul-20,"8,663","8,326","4,413","4,163","2,247","2,082"
28-Jul-20,"8,854","8,506","4,511","4,253","2,297","2,127"
29-Jul-20,"8,828","8,485","4,497","4,242","2,290","2,121"
30-Jul-20,"8,845","8,501","4,506","4,250","2,295","2,125"
03-Aug-20,"8,911","8,565","4,540","4,282","2,312","2,141"
04-Aug-20,"8,855","8,505","4,511","4,252","2,297","2,126"
05-Aug-20,"9,060","8,707","4,615","4,354","2,350","2,177"
06-Aug-20,"9,056","8,699","4,613","4,350","2,349","2,175"
07-Aug-20,"9,188","8,831","4,681","4,415","2,384","2,208"
10-Aug-20,"9,044","8,692","4,607","4,346","2,346","2,173"
11-Aug-20,"9,019","8,671","4,595","4,335","2,340","2,168"
12-Aug-20,"8,542","8,200","4,351","4,100","2,216","2,050"
13-Aug-20,"8,574","8,241","4,368","4,120","2,224","2,060"
14-Aug-20,"8,716","8,367","4,440","4,183","2,261","2,092"
17-Aug-20,"8,613","8,273","4,388","4,136","2,235","2,068"
18-Aug-20,"8,811","8,468","4,488","4,234","2,286","2,117"
19-Aug-20,"8,886","8,538","4,527","4,269","2,305","2,135"
21-Aug-20,"8,658","8,321","4,411","4,161","2,246","2,080"
25-Aug-20,"8,551","8,218","4,356","4,109","2,218","2,054"
26-Aug-20,"8,526","8,195","8,344","4,097","2,212","2,049"
27-Aug-20,"8,630","8,295","4,397","4,147","2,239","2,074"
28-Aug-20,"8,525","8,194","4,343","4,097","2,212","2,048"
31-Aug-20,"8,700","8,352","4,432","4,176","2,257","2,088"
01-Sep-20,"8,700","8,352","4,432","4,176","2,257","2,088"
02-Sep-20,"8,682","8,338","4,423","4,169","2,252","2,085"
03-Sep-20,"8,551","8,219","4,356","4,109","2,219","2,055"
04-Sep-20,"8,511","8,178","4,336","4,089","2,208","2,045"
07-Sep-20,"8,517","8,186","4,339","4,093","2,210","2,046"
08-Sep-20,"8,509","8,172","4,335","4,088","2,208","2,043"
09-Sep-20,"8,550","8,216","4,356","4,108","2,218","2,054"
10-Sep-20,"8,596","8,262","4,379","4,131","2,230","2,065"
11-Sep-20,"8,558","8,217","4,360","4,109","4,109","2,054"
11-Sep-20,"8,587","8,255","4,375","4,128","2,228","2,064"
14-Sep-20,"8,567","8,228","4,364","4,114","2,223","2,057"
15-Sep-20,"8,599","8,265","4,381","4,132","2,231","2,066"
17-Sep-20,"8,585","8,251","4,374","4,126","2,227","2,063"
18-Sep-20,"8,546","8,213","4,354","4,107","2,217","2,053"
21-Sep-20,"8,524","8,188","4,342","4,094","2,211","2,047"
22-Sep-20,"8,409","8,072","4,284","4,036","2,182","2,018"
23-Sep-20,"8,347","8,022","4,252","4,011","2,166","2,006"
24-Sep-20,"8,223","7,894","4,189","3,947","2,133","1,974"
25-Sep-20,"8,257","7,926","4,206","3,963","2,142","1,981"
28-Sep-20,"8,232","7,911","4,193","3,956","4,193","1,978"
29-Sep-20,"8,338","8,004","4,248","4,002","2,183","2,001"
30-Sep-20,"8,352","8,025","4,255","4,012","2,167","2,006"
01-Oct-20,"8,308","7,984","4,232","3,992","2,155","1,996"
02-Oct-20,"8,389","8,063","4,274","4,031","2,176","2,016"
05-Oct-20,"8,394","8,057","4,276","4,029","2,178","2,014"
06-Oct-20,"8,427","8,096","4,293","4,048","2,186","2,024"
07-Oct-20,"8,299","7,967","4,228","3,984","2,153","1,992"
08-Oct-20,"8,318","7,986","4,238","3,993","2,158","1,997"
09-Oct-20,"8,371","8,038","4,264","4,019","2,172","2,009"
12-Oct-20,"8,457","8,128","4,308","4,064","2,194","2,032"
13-Oct-20,"8,463","8,124","4,311","4,062","2,196","2,031"
14-Oct-20,"8,327","8,003","4,242","4,002","2,160","2,001"
15-Oct-20,"8,362","8,031","4,260","4,015","2,169","2,008"
16-Oct-20,"8,362","8,031","4,260","4,015","2,169","2,008"
19-Oct-20,"8,362","8,031","4,260","4,015","2,169","2,008"
20-Oct-20,"8,360","8,035","4,259","4,017","2,169","2,009"
21-Oct-20,"8,413","8,086","4,286","4,043","2,183","2,021"
22-Oct-20,"8,449","8,118","4,304","4,059","2,192","2,030"
23-Oct-20,"8,372","8,047","4,265","4,023","2,172","2,012"
26-Oct-20,"8,386","8,044","4,272","4,022","2,176","2,011"
27-Oct-20,"8,413","8,086","4,286","4,043","2,183","2,021"
28-Oct-20,"8,424","8,087","4,292","4,043","2,186","2,022"
30-Oct-20,"8,245","7,915","4,200","3,957","2,139","1,979"
02-Nov-20,"8,279","7,957","4,218","3,979","2,148","1,989"
03-Nov-20,"8,347","8,022","4,252","4,011","2,165","2,006"
04-Nov-20,"8,434","8,100","4,297","4,050","2,188","2,025"
05-Nov-20,"8,393","8,057","4,276","4,028","2,177","2,104"
06-Nov-20,"8,427","8,096","4,293","4,048","2,186","2,024"
09-Nov-20,"8,558","8,217","4,360","4,109","2,186","2,054"
10-Nov-20,"8,188","7,860","4,171","3,930","2,124","1,965"
11-Nov-20,"8,217","7,889","4,186","3,945","2,132","1,972"
12-Nov-20,"8,172","7,850","4,163","3,925","2,120","1,963"
13-Nov-20,"8,224","7,904","4,190","3,952","2,134","1,976"
16-Nov-20,"8,266","7,935","4,211","3,967","2,144","1,984"
17-Nov-20,"8,239","7,918","4,197","3,959","2,137","1,980"
18-Nov-20,"8,181","7,862","4,168","3,931","2,122","1,966"
19-Nov-20,"8,141","7,819","4,147","3,909","2,112","1,955"
20-Nov-20,"8,102","7,781","4,127","3,890","2,102","1,945"
23-Nov-20,"8,132","7,810","4,143","3,905","2,110","1,953"
24-Nov-20,"7,960","7,651","4,055","3,825","2,065","1,913"
25-Nov-20,"7,842","7,530","3,995","3,765","2,035","1,882"
26-Nov-20,"7,846","7,539","3,997","3,770","2,036","1,885"
27-Nov-20,"7,810","7,506","3,979","3,753","2,026","1,877"
30-Nov-20,"7,713","7,411","3,929","3,706","2,001","1,853"
01-Dec-20,"7,694","7,395","3,920","3,697","1,996","1,849"
02-Dec-20,"7,835","7,527","3,991","3,763","2,033","1,882"
03-Dec-20,"7,906","7,596","4,028","3,798","2,051","1,899"
04-Dec-20,"7,939","7,621","4,044","3,810","2,060","1,905"
07-Dec-20,"7,958","7,630","4,054","3,815","2,065","1,907"
08-Dec-20,"8,051","7,738","4,101","3,869","2,089","1,934"
09-Dec-20,"8,074","7,760","4,113","3,880","2,095","1,940"
10-Dec-20,"7,927","7,619","4,038","3,809","2,057","1,905"
11-Dec-20,"7,907","7,599","4,028","3,800","2,051","1,900"
14-Dec-20,"7,892","7,557","4,020","3,789","2,047","1,894"
15-Dec-20,"7,867","7,553","4,008","3,777","2,041","1,888"
16-Dec-20,"7,960","7,646","4,055","3,823","2,065","1,912"
17-Dec-20,"8,005","7,698","4,078","3,849","2,077","1,924"
18-Dec-20,"8,072","7,753","4,112","3,877","2,094","1,938"
21-Dec-20,"8,091","7,776","4,122","3,888","2,099","1,944"
22-Dec-20,"8,073","7,760","4,113","3,880","2,094","1,940"
23-Dec-20,"8,024","7,712","4,088","3,856","2,082","1,928"
24-Dec-20,"8,064","7,749","4,108","3,874","2,092","1,937"
28-Dec-20,"8,131","7,818","4,142","3,909","2,109","1,955"
29-Dec-20,"8,074","7,759","4,113","3,880","2,095","1,940"
30-Dec-20,"8,071","7,757","4,112","3,879","2,094","1,939"
31-Dec-20,"8,110","7,792","4,132","3,896","2,104","1,948"
04-Jan-21,"8,146","7,819","4,150","3,910","2,113","1,955"
05-Jan-21,"8,270","7,940","4,213","3,970","2,145","1,985"
06-Jan-21,"8,296","7,965","4,226","3,983","2,152","1,991"
07-Jan-21,"8,194","7,873","4,174","3,936","2,126","1,968"
08-Jan-21,"8,219","7,901","4,187","3,950","2,132","1,975"
11-Jan-21,"7,918","7,608","4,034","3,804","2,054","1,902"
12-Jan-21,"7,936","7,618","4,043","3,809","2,059","1,904"
13-Jan-21,"7,985","7,672","4,068","3,836","2,072","1,918"
14-Jan-21,"7,923","7,613","4,036","3,806","2,056","1,903"
15-Jan-21,"7,915","7,602","4,032","3,801","2,054","1,900"
18-Jan-21,"7,795","7,486","3,971","3,743","2,022","1,872"
19-Jan-21,"7,888","7,577","4,018","3,788","2,046","1,894"
20-Jan-21,"7,914","7,604","4,032","3,802","2,053","1,901"
21-Jan-21,"8,017","7,700","4,084","3,850","2,080","1,925"
22-Jan-21,"7,998","7,687","4,074","3,843","2,075","1,922"
25-Jan-21,"7,966","7,656","4,058","3,828","2,067","1,914"
26-Jan-21,"7,954","7,644","4,052","3,822","2,063","1,911"
27-Jan-21,"7,930","7,625","4,040","3,813","2,057","1,906"
29-Jan-21,"7,921","7,612","4,035","3,806","2,055","1,903"
01-Feb-21,"7,939","7,625","4,045","3,812","2,060","1,906"
02-Feb-21,"7,985","7,664","4,068","3,832","2,071","1,916"
03-Feb-21,"7,884","7,580","4,016","3,790","2,045","1,895"
04-Feb-21,"7,883","7,578","4,016","3,789","2,045","1,895"
05-Feb-21,"7,744","7,433","3,945","3,717","2,009","1,858"
08-Feb-21,"7,825","7,520","3,986","3,760","2,030","1,880"
09-Feb-21,"7,896","7,583","4,023","3,792","2,049","1,896"
10-Feb-21,"7,886","7,576","4,018","3,788","2,046","1,894"
11-Feb-21,"7,899","7,593","4,024","3,797","2,049","1,898"
15-Feb-21,"7,805","7,503","3,976","3,752","2,025","1,876"
16-Feb-21,"7,790","7,487","3,969","3,743","2,021","1,872"
17-Feb-21,"7,672","7,374","3,909","3,687","1,990","1,843"
18-Feb-21,"7,613","7,315","3,878","3,657","1,975","1,829"
19-Feb-21,"7,591","7,294","3,867","3,647","1,969","1,823"
22-Feb-21,"7,649","7,351","3,897","3,676","1,984","1,838"
23-Feb-21,"7,757","7,455","3,952","3,728","2,012","1,864"
24-Feb-21,"7,745","7,443","3,945","3,722","2,009","1,861"
25-Feb-21,"7,730","7,431","3,938","3,716","2,005","1,858"
26-Feb-21,"7,613","7,312","3,878","3,656","1,975","1,828"
01-Mar-21,"7,486","7,195","3,814","3,597","1,942","1,799"
02-Mar-21,"7,406","7,118","3,773","3,559","1,921","1,779"
03-Mar-21,"7,474","7,180","3,808","3,590","1,939","1,795"
04-Mar-21,"7,366","7,071","3,753","3,535","1,911","1,768"
05-Mar-21,"7,299","7,008","3,718","3,504","1,894","1,752"
08-Mar-21,"7,378","7,082","3,759","3,541","1,914","1,770"
09-Mar-21,"7,351","7,060","3,745","3,530","1,907","1,765"
10-Mar-21,"7,498","7,206","3,820","3,603","1,945","1,802"
11-Mar-21,"7,550","7,251","3,846","3,626","1,959","1,813"
12-Mar-21,"7,514","7,218","3,828","3,609","1,949","1,804"
15-Mar-21,"7,541","7,248","3,842","3,624","1,956","1,812"
16-Mar-21,"7,558","7,261","3,851","3,630","1,961","1,815"
17-Mar-21,"7,557","7,265","3,850","3,632","1,961","1,816"
18-Mar-21,"7,631","7,334","3,887","3,667","1,980","1,833"
19-Mar-21,"7,576","7,282","3,860","3,641","1,966","1,820"
22-Mar-21,"7,593","7,296","3,868","3,648","1,970","1,824"
23-Mar-21,"7,589","7,291","3,866","3,645","1,969","1,823"
24-Mar-21,"7,572","7,277","3,857","3,639","1,964","1,819"
25-Mar-21,"7,610","7,316","3,877","3,658","1,974","1,829"
26-Mar-21,"7,607","7,311","3,875","3,655","1,973","1,828"
29-Mar-21,"7,615","7,320","3,879","3,660","1,976","1,830"
30-Mar-21,"7,517","7,225","3,830","3,612","1,950","1,806"
31-Mar-21,"7,421","7,130","3,780","3,565","1,925","1,783"
01-Apr-21,"7,508","7,220","3,825","3,610","1,948","1,805"
02-Apr-21,"7,604","7,309","3,874","3,654","1,973","1,827"
05-Apr-21,"7,590","7,295","3,867","3,648","1,969","1,824"
06-Apr-21,"7,585","7,290","3,864","3,645","1,968","1,822"
07-Apr-21,"7,627","7,330","3,885","3,665","1,979","1,833"
08-Apr-21,"7,621","7,320","3,883","3,660","1,977","1,830"
09-Apr-21,"7,689","7,390","3,917","3,695","1,995","1,848"
12-Apr-21,"7,638","7,341","3,891","3,671","1,982","1,835"
13-Apr-21,"7,588","7,294","3,865","3,647","1,968","1,824"
14-Apr-21,"7,651","7,353","3,897","3,676","1,985","1,838"
15-Apr-21,"7,600","7,308","3,871","3,654","1,972","1,827"
16-Apr-21,"7,725","7,425","3,936","3,712","2,004","1,856"
19-Apr-21,"7,786","7,483","3,967","3,742","2,020","1,871"
20-Apr-21,"7,751","7,450","3,949","3,725","2,011","1,862"
21-Apr-21,"7,773","7,468","3,960","3,734","2,016","1,867"
22-Apr-21,"7,837","7,530","3,992","3,765","2,033","1,883"
23-Apr-21,"7,784","7,485","3,966","3,743","2,020","1,871"
26-Apr-21,"7,742","7,442","3,944","3,721","2,008","1,861"
27-Apr-21,"7,748","7,447","3,947","3,723","2,010","1,862"
28-Apr-21,"7,711","7,411","3,928","3,706","2,001","1,853"
30-Apr-21,"7,711","7,402","3,928","3,701","2,001","1,851"
03-May-21,"7,692","7,390","3,918","3,695","1,995","1,848"
04-May-21,"7,796","7,493","3,972","3,746","2,023","1,873"
05-May-21,"7,776","7,471","3,961","3,736","2,017","1,868"
06-May-21,"7,808","7,495","3,977","3,747","2,026","1,874"
10-May-21,"7,978","7,658","4,064","3,829","2,070","1,915"
11-May-21,"8,005","7,691","4,078","3,846","2,077","1,923"
12-May-21,"8,020","7,712","4,086","3,856","2,081","1,928"
17-May-21,"8,094","7,775","4,123","3,888","2,100","1,944"
18-May-21,"8,189","7,867","4,172","3,933","2,125","1,967"
19-May-21,"8,179","7,861","4,167","3,931","2,122","1,965"
20-May-21,"8,219","7,896","4,187","3,948","2,132","1,974"
21-May-21,"8,244","7,918","4,200","3,959","2,139","1,979"
24-May-21,"8,270","7,947","4,213","3,973","2,146","1,987"
25-May-21,"8,251","7,927","4,204","3,963","2,141","1,982"
27-May-21,"8,329","8,005","4,243","4,003","2,161","2,001"
28-May-21,"8,335","8,010","4,246","4,005","2,162","2,003"
31-May-21,"8,380","8,045","4,269","4,022","2,174","2,011"
01-Jun-21,"8,344","8,020","4,251","4,010","2,165","2,005"
02-Jun-21,"8,308","7,985","4,233","3,993","2,155","1,996"
03-Jun-21,"8,340","8,015","4,248","4,008","2,164","2,004"
04-Jun-21,"8,196","7,877","4,175","3,939","2,126","1,969"
08-Jun-21,"8,307","7,984","4,232","3,992","2,155","1,996"
09-Jun-21,"8,286","7,964","4,221","3,982","2,150","1,991"
10-Jun-21,"8,241","7,921","4,198","3,960","2,138","1,980"
11-Jun-21,"8,296","7,971","4,226","3,986","2,152","1,993"
14-Jun-21,"8,167","7,849","4,161","3,925","2,119","1,962"
15-Jun-21,"8,143","7,826","4,148","3,913","2,113","1,957"
16-Jun-21,"8,112","7,798","4,133","3,899","2,105","1,950"
17-Jun-21,"7,982","7,669","4,066","3,835","2,071","1,917"
18-Jun-21,"7,813","7,509","3,980","3,755","2,027","1,877"
21-Jun-21,"7,784","7,481","3,965","3,740","2,019","1,870"
22-Jun-21,"7,843","7,536","3,995","3,768","2,035","1,884"
23-Jun-21,"7,836","7,522","3,992","3,761","2,033","1,881"
24-Jun-21,"7,853","7,539","4,001","3,769","2,037","1,885"
25-Jun-21,"7,835","7,527","3,992","3,763","2,033","1,882"
29-Jun-21,"7,822","7,515","3,985","3,757","2,029","1,879"
30-Jun-21,"7,759","7,456","3,953","3,728","2,013","1,864"
01-Jul-21,"7,789","7,488","3,968","3,744","2,021","1,872"
05-Jul-21,"7,871","7,559","4,010","3,780","2,042","1,890"
06-Jul-21,"7,903","7,596","4,026","3,798","2,050","1,899"
07-Jul-21,"7,923","7,618","4,036","3,809","2,056","1,905"
08-Jul-21,"7,973","7,663","4,061","3,832","2,068","1,916"
09-Jul-21,"7,995","7,691","4,073","3,845","2,074","1,923"
12-Jul-21,"8,017","7,707","4,084","3,854","2,080","1,927"
13-Jul-21,"8,037","7,726","4,094","3,863","2,085","1,932"
14-Jul-21,"8,047","7,735","4,100","3,868","2,088","1,934"
16-Jul-21,"8,155","7,842","4,154","3,921","2,116","1,961"
19-Jul-21,"8,110","7,790","4,132","3,895","2,104","1,948"
21-Jul-21,"8,111","7,794","4,132","3,897","2,104","1,948"
22-Jul-21,"8,087","7,768","4,120","3,884","2,098","1,942"
23-Jul-21,"8,097","7,783","4,125","3,892","2,101","1,946"
26-Jul-21,"8,067","7,757","4,110","3,878","2,093","1,939"
27-Jul-21,"8,058","7,748","4,105","3,874","2,090","1,937"
29-Jul-21,"8,112","7,797","4,132","3,899","2,104","1,949"
30-Jul-21,"8,217","7,888","4,186","3,944","2,132","1,972"
02-Aug-21,"8,131","7,811","4,142","3,906","2,109","1,953"
03-Aug-21,"8,120","7,804","4,136","3,902","2,107","1,951"
04-Aug-21,"8,123","7,809","4,138","3,904","2,107","1,952"
05-Aug-21,"8,116","7,800","4,134","3,900","2,105","1,950"
06-Aug-21,"8,061","7,746","4,107","3,873","2,091","1,936"
09-Aug-21,"7,722","7,415","3,934","3,708","2,003","1,854"
11-Aug-21,"7,755","7,453","3,951","3,726","2,012","1,863"
12-Aug-21,"7,877","7,570","4,013","3,785","2,044","1,892"
13-Aug-21,"7,872","7,571","4,010","3,786","2,042","1,893"
16-Aug-21,"7,997","7,686","4,074","3,843","2,075","1,922"
17-Aug-21,"8,031","7,718","4,091","3,859","2,084","1,929"
18-Aug-21,"8,049","7,727","4,100","3,864","2,088","1,932"
19-Aug-21,"8,028","7,717","4,090","3,858","2,083","1,929"
20-Aug-21,"8,005","7,693","4,078","3,846","2,077","1,923"
23-Aug-21,"7,984","7,670","4,067","3,835","2,071","1,918"
24-Aug-21,"8,078","7,763","4,115","3,882","2,096","1,941"
25-Aug-21,"8,049","7,740","4,101","3,870","2,088","1,935"
26-Aug-21,"7,984","7,676","4,067","3,838","2,071","1,919"
27-Aug-21,"7,983","7,672","4,067","3,836","2,071","1,918"
30-Aug-21,"8,062","7,747","4,107","3,873","2,092","1,937"
01-Sep-21,"7,986","7,676","4,069","3,838","2,072","1,919"
02-Sep-21,"7,989","7,678","4,070","3,839","2,073","1,920"
03-Sep-21,"7,965","7,657","4,057","3,828","2,066","1,914"
06-Sep-21,"8,031","7,715","4,091","3,857","2,084","1,929"
07-Sep-21,"8,032","7,719","4,092","3,860","2,084","1,930"
08-Sep-21,"7,926","7,620","4,038","3,810","2,056","1,905"
09-Sep-21,"7,882","7,576","4,015","3,788","2,045","1,894"
10-Sep-21,"7,900","7,594","4,025","3,797","2,050","1,898"
13-Sep-21,"7,856","7,546","4,002","3,773","2,038","1,886"
14-Sep-21,"7,888","7,582","4,018","3,791","2,046","1,895"
15-Sep-21,"7,962","7,654","4,056","3,827","2,066","1,913"
20-Sep-21,"7,780","7,477","3,963","3,739","2,018","1,869"
21-Sep-21,"7,848","7,542","3,998","3,771","2,036","1,886"
22-Sep-21,"7,886","7,580","4,017","3,790","2,046","1,895"
24-Sep-21,"7,740","7,442","3,943","3,721","2,008","1,861"
27-Sep-21,"7,778","7,476","3,962","3,738","2,018","1,869"
28-Sep-21,"7,778","7,475","3,962","3,738","2,018","1,869"
29-Sep-21,"7,706","7,406","3,926","3,703","1,999","1,851"
30-Sep-21,"7,693","7,394","3,919","3,697","1,996","1,848"
01-Oct-21,"7,769","7,467","3,958","3,733","2,016","1,867"
04-Oct-21,"7,826","7,507","3,987","3,754","2,030","1,877"
05-Oct-21,"7,827","7,520","3,987","3,760","2,030","1,880"
06-Oct-21,"7,793","7,490","3,970","3,745","2,022","1,872"
07-Oct-21,"7,819","7,515","3,983","3,757","2,028","1,879"
08-Oct-21,"7,780","7,478","3,963","3,739","2,018","1,870"
11-Oct-21,"7,784","7,473","3,966","3,736","2,020","1,868"
12-Oct-21,"7,755","7,451","3,950","3,726","2,012","1,863"
13-Oct-21,"7,785","7,485","3,966","3,743","2,020","1,871"
14-Oct-21,"7,894","7,583","4,021","3,792","2,048","1,896"
15-Oct-21,"7,914","7,608","4,032","3,804","2,053","1,902"
18-Oct-21,"7,806","7,504","3,977","3,752","2,025","1,876"
20-Oct-21,"7,793","7,494","3,970","3,747","2,022","1,873"
21-Oct-21,"7,853","7,552","4,001","3,776","2,037","1,888"
22-Oct-21,"7,871","7,565","4,010","3,782","2,042","1,891"
25-Oct-21,"7,903","7,595","4,026","3,797","2,050","1,899"
26-Oct-21,"7,953","7,648","4,051","3,824","2,063","1,912"
27-Oct-21,"7,896","7,589","4,022","3,794","2,048","1,897"
28-Oct-21,"7,907","7,600","4,028","3,800","2,051","1,900"
29-Oct-21,"7,904","7,598","4,027","3,799","2,051","1,899"
01-Nov-21,"7,838","7,533","3,993","3,766","2,033","1,883"
02-Nov-21,"7,884","7,578","4,017","3,789","2,045","1,894"
03-Nov-21,"7,872","7,568","4,010","3,784","2,042","1,892"
05-Nov-21,"7,903","7,596","4,026","3,798","2,050","1,899"
08-Nov-21,"7,997","7,686","4,074","3,843","2,075","1,921"
09-Nov-21,"8,033","7,722","4,092","3,861","2,084","1,931"
10-Nov-21,"8,055","7,747","4,103","3,874","2,090","1,937"
11-Nov-21,"8,167","7,850","4,161","3,925","2,119","1,962"
12-Nov-21,"8,228","7,910","4,192","3,955","2,135","1,978"
15-Nov-21,"8,237","7,917","4,196","3,958","2,137","1,979"
16-Nov-21,"8,232","7,914","4,194","3,957","2,136","1,979"
17-Nov-21,"8,198","7,883","4,176","3,942","2,127","1,971"
18-Nov-21,"8,271","7,950","4,214","3,975","2,146","1,987"
19-Nov-21,"8,246","7,925","4,201","3,962","2,139","1,981"
22-Nov-21,"8,199","7,880","4,177","3,940","2,127","1,970"
23-Nov-21,"8,038","7,726","4,095","3,863","2,085","1,931"
24-Nov-21,"7,979","7,671","4,065","3,835","2,070","1,918"
25-Nov-21,"8,008","7,699","4,079","3,850","2,077","1,925"
26-Nov-21,"8,038","7,726","4,095","3,863","2,085","1,931"
29-Nov-21,"8,050","7,737","4,101","3,869","2,089","1,934"
30-Nov-21,"8,024","7,716","4,088","3,858","2,082","1,929"
01-Dec-21,"7,914","7,607","4,032","3,803","2,053","1,902"
02-Dec-21,"7,966","7,660","4,058","3,830","2,067","1,915"
03-Dec-21,"7,944","7,640","4,047","3,820","2,061","1,910"
06-Dec-21,"8,010","7,701","4,080","3,850","2,078","1,925"
07-Dec-21,"7,998","7,687","4,074","3,843","2,075","1,922"
08-Dec-21,"7,999","7,690","4,075","3,845","2,075","1,923"
09-Dec-21,"7,981","7,671","4,066","3,835","2,071","1,918"
10-Dec-21,"7,957","7,648","4,053","3,824","2,064","1,912"
13-Dec-21,"7,968","7,661","4,059","3,831","2,067","1,915"
14-Dec-21,"8,011","7,693","4,081","3,847","2,078","1,923"
15-Dec-21,"7,961","7,656","4,056","3,828","2,065","1,914"
16-Dec-21,"7,984","7,669","4,068","3,834","2,071","1,917"
17-Dec-21,"8,039","7,727","4,095","3,863","2,086","1,932"
20-Dec-21,"8,085","7,762","4,119","3,881","2,098","1,940"
21-Dec-21,"8,029","7,721","4,090","3,860","2,083","1,930"
23-Dec-21,"8,056","7,736","4,104","3,868","2,090","1,934"
24-Dec-21,"8,065","7,742","4,109","3,871","2,092","1,936"
27-Dec-21,"8,049","7,736","4,100","3,868","2,088","1,934"
28-Dec-21,"8,039","7,726","4,095","3,863","2,086","1,932"
29-Dec-21,"8,001","7,692","4,076","3,846","2,076","1,923"
30-Dec-21,"7,989","7,677","4,070","3,838","2,073","1,919"
31-Dec-21,"8,043","7,730","4,097","3,865","2,087","1,933"
03-Jan-22,"8,075","7,765","4,114","3,883","2,095","1,941"
04-Jan-22,"8,002","7,692","4,076","3,846","2,076","1,923"
05-Jan-22,"8,058","7,747","4,105","3,873","2,091","1,937"
06-Jan-22,"8,059","7,746","4,105","3,873","2,091","1,937"
07-Jan-22,"8,012","7,704","4,082","3,852","2,079","1,926"
10-Jan-22,"7,992","7,683","4,071","3,841","2,073","1,921"
11-Jan-22,"8,035","7,724","4,093","3,862","2,084","1,931"
12-Jan-22,"8,093","7,775","4,123","3,888","2,100","1,944"
13-Jan-22,"8,077","7,765","4,115","3,882","2,095","1,941"
14-Jan-22,"8,072","7,760","4,112","3,880","2,094","1,940"
17-Jan-22,"8,063","7,754","4,108","3,877","2,092","1,938"
19-Jan-22,"8,059","7,747","4,105","3,874","2,091","1,937"
20-Jan-22,"8,179","7,863","4,166","3,931","2,122","1,966"
21-Jan-22,"8,176","7,860","4,165","3,930","2,121","1,965"
24-Jan-22,"8,143","7,826","4,148","3,913","2,112","1,957"
26-Jan-22,"8,215","7,897","4,185","3,949","2,131","1,974"
27-Jan-22,"8,115","7,802","4,134","3,901","2,105","1,950"
03-Feb-22,"8,015","7,697","4,083","3,848","2,079","1,924"
04-Feb-22,"8,000","7,688","4,076","3,844","2,076","1,922"
07-Feb-22,"8,042","7,732","4,097","3,866","2,086","1,933"
08-Feb-22,"8,078","7,765","4,115","3,882","2,096","1,941"
09-Feb-22,"8,099","7,788","4,126","3,894","2,101","1,947"
10-Feb-22,"8,130","7,815","4,142","3,908","2,109","1,954"
11-Feb-22,"8,118","7,804","4,136","3,902","2,106","1,951"
14-Feb-22,"8,263","7,945","4,209","3,973","2,144","1,986"
15-Feb-22,"8,315","7,992","4,236","3,996","2,157","1,998"
16-Feb-22,"8,217","7,899","4,186","3,949","2,132","1,975"
17-Feb-22,"8,300","7,978","4,228","3,989","2,153","1,995"
18-Feb-22,"8,436","8,109","4,297","4,055","2,188","2,027"
21-Feb-22,"8,476","8,140","4,318","4,070","2,199","2,035"
22-Feb-22,"8,489","8,163","4,325","4,082","2,202","2,041"
23-Feb-22,"8,425","8,099","4,292","4,050","2,186","2,025"
24-Feb-22,"8,485","8,159","4,323","4,080","2,201","2,040"
25-Feb-22,"8,496","8,165","4,328","4,083","2,204","2,041"
28-Feb-22,"8,522","8,181","4,341","4,090","2,211","2,045"
01-Mar-22,"8,484","8,158","4,322","4,079","2,201","2,039"
02-Mar-22,"8,655","8,320","4,409","4,160","2,245","2,080"
03-Mar-22,"8,575","8,242","4,368","4,121","2,225","2,060"
04-Mar-22,"8,619","8,286","4,391","4,143","2,236","2,071"
07-Mar-22,"8,814","8,472","4,490","4,236","2,287","2,118"
08-Mar-22,"8,875","8,531","4,521","4,265","2,302","2,133"
09-Mar-22,"9,074","8,723","4,622","4,362","2,354","2,181"
10-Mar-22,"8,821","8,480","4,494","4,240","2,288","2,120"
14-Mar-22,"8,778","8,433","4,472","4,216","2,277","2,108"
15-Mar-22,"8,702","8,365","4,433","4,183","2,257","2,091"
16-Mar-22,"8,572","8,241","4,367","4,120","2,224","2,060"
17-Mar-22,"8,568","8,236","4,365","4,118","2,223","2,059"
18-Mar-22,"8,644","8,308","4,404","4,154","2,243","2,077"
21-Mar-22,"8,551","8,219","4,356","4,109","2,219","2,055"
22-Mar-22,"8,638","8,302","4,401","4,151","2,241","2,076"
23-Mar-22,"8,578","8,244","4,370","4,122","2,225","2,061"
24-Mar-22,"8,720","8,381","4,442","4,191","2,262","2,095"
25-Mar-22,"8,786","8,445","4,476","4,222","2,279","2,111"
28-Mar-22,"8,745","8,408","4,455","4,204","2,269","2,102"
29-Mar-22,"8,603","8,269","4,383","4,134","2,232","2,067"
30-Mar-22,"8,561","8,233","4,361","4,117","2,221","2,058"
31-Mar-22,"8,607","8,272","4,385","4,136","2,233","2,068"
04-Apr-22,"8,613","8,276","4,388","4,138","2,234","2,069"
05-Apr-22,"8,647","8,311","4,405","4,156","2,243","2,078"
06-Apr-22,"8,597","8,263","4,380","4,132","2,230","2,066"
07-Apr-22,"8,611","8,278","4,387","4,139","2,234","2,070"
08-Apr-22,"8,653","8,319","4,408","4,160","2,245","2,080"
11-Apr-22,"8,716","8,380","4,440","4,190","2,261","2,095"
12-Apr-22,"8,776","8,437","4,471","4,218","2,277","2,109"
13-Apr-22,"8,819","8,477","4,493","4,238","2,288","2,119"
14-Apr-22,"8,853","8,510","4,510","4,255","2,297","2,127"
15-Apr-22,"8,871","8,522","4,519","4,261","2,301","2,130"
18-Apr-22,"8,921","8,575","4,545","4,287","2,314","2,144"
20-Apr-22,"8,827","8,484","4,497","4,242","2,290","2,121"
21-Apr-22,"8,883","8,533","4,525","4,267","2,305","2,133"
22-Apr-22,"8,910","8,564","4,539","4,282","2,312","2,141"
25-Apr-22,"8,878","8,533","4,523","4,266","2,303","2,133"
26-Apr-22,"8,775","8,434","4,470","4,217","2,276","2,108"
27-Apr-22,"8,806","8,466","4,486","4,233","2,285","2,116"
28-Apr-22,"8,715","8,381","4,440","4,190","2,261","2,095"
29-Apr-22,"8,779","8,436","4,472","4,218","2,278","2,109"
05-May-22,"8,728","8,388","4,446","4,194","2,264","2,097"
06-May-22,"8,661","8,325","4,412","4,162","2,247","2,081"
09-May-22,"8,722","8,384","4,443","4,192","2,263","2,096"
10-May-22,"8,616","8,280","4,389","4,140","2,235","2,070"
11-May-22,"8,528","8,196","4,344","4,098","2,212","2,049"
12-May-22,"8,612","8,278","4,387","4,139","2,234","2,069"
13-May-22,"8,498","8,167","4,329","4,083","2,205","2,042"
17-May-22,"8,525","8,187","4,343","4,094","2,212","2,047"
18-May-22,"8,454","8,120","4,307","4,060","2,193","2,030"
19-May-22,"8,482","8,151","4,321","4,075","2,200","2,038"
20-May-22,"8,589","8,253","4,376","4,127","2,228","2,063"
23-May-22,"8,601","8,269","4,382","4,134","2,231","2,067"
24-May-22,"8,633","8,298","4,398","4,149","2,240","2,075"
25-May-22,"8,686","8,349","4,425","4,174","2,253","2,087"
26-May-22,"8,637","8,303","4,400","4,152","2,241","2,076"
27-May-22,"8,628","8,295","4,395","4,147","2,238","2,074"
30-May-22,"8,597","8,263","4,380","4,132","2,230","2,066"
31-May-22,"8,579","8,245","4,370","4,122","2,226","2,061"
01-Jun-22,"8,524","8,193","4,342","4,096","2,211","2,048"
02-Jun-22,"8,606","8,274","4,384","4,137","2,233","2,069"
03-Jun-22,"8,696","8,354","4,430","4,177","2,256","2,089"
07-Jun-22,"8,578","8,237","4,370","4,119","2,225","2,059"
08-Jun-22,"8,630","8,292","4,396","4,146","2,239","2,073"
09-Jun-22,"8,638","8,303","4,400","4,152","2,241","2,076"
10-Jun-22,"8,620","8,284","4,392","4,142","2,236","2,071"
13-Jun-22,"8,764","8,428","4,465","4,214","2,274","2,107"
14-Jun-22,"8,553","8,218","4,357","4,109","2,219","2,054"
15-Jun-22,"8,486","8,157","4,323","4,078","2,202","2,039"
16-Jun-22,"8,563","8,230","4,362","4,115","2,221","2,058"
17-Jun-22,"8,620","8,286","4,391","4,143","2,236","2,072"
20-Jun-22,"8,586","8,252","4,374","4,126","2,227","2,063"
21-Jun-22,"8,581","8,249","4,372","4,124","2,226","2,062"
22-Jun-22,"8,537","8,208","4,349","4,104","2,215","2,052"
23-Jun-22,"8,580","8,248","4,371","4,124","2,226","2,062"
24-Jun-22,"8,528","8,198","4,345","4,099","2,213","2,050"
27-Jun-22,"8,537","8,206","4,349","4,103","2,215","2,051"
28-Jun-22,"8,522","8,191","4,341","4,095","2,211","2,048"
29-Jun-22,"8,492","8,163","4,326","4,081","2,203","2,041"
30-Jun-22,"8,493","8,165","4,327","4,083","2,203","2,041"
01-Jul-22,"8,441","8,113","4,300","4,057","2,190","2,028"
04-Jul-22,"8,462","8,137","4,311","4,068","2,195","2,034"
05-Jul-22,"8,463","8,134","4,311","4,067","2,196","2,034"
06-Jul-22,"8,298","7,980","4,227","3,990","2,153","1,995"
07-Jul-22,"8,163","7,850","4,159","3,925","2,118","1,962"
08-Jul-22,"8,175","7,858","4,165","3,929","2,121","1,964"
12-Jul-22,"8,155","7,840","4,155","3,920","2,116","1,960"
13-Jul-22,"8,119","7,803","4,136","3,902","2,106","1,951"
15-Jul-22,"8,066","7,753","4,109","3,877","2,093","1,938"
18-Jul-22,"8,042","7,728","4,097","3,864","2,086","1,932"
19-Jul-22,"8,062","7,749","4,107","3,874","2,092","1,937"
20-Jul-22,"8,072","7,760","4,112","3,880","2,094","1,940"
21-Jul-22,"8,004","7,695","4,077","3,847","2,076","1,924"
22-Jul-22,"8,116","7,802","4,135","3,901","2,106","1,951"
25-Jul-22,"8,135","7,821","4,144","3,911","2,111","1,955"
26-Jul-22,"8,120","7,809","4,136","3,904","2,106","1,952"
28-Jul-22,"8,209","7,891","4,182","3,946","2,130","1,973"
29-Jul-22,"8,276","7,957","4,216","3,979","2,147","1,989"
01-Aug-22,"8,321","8,002","4,239","4,001","2,159","2,000"
02-Aug-22,"8,369","8,044","4,263","4,022","2,171","2,011"
03-Aug-22,"8,314","7,994","4,235","3,997","2,157","1,999"
04-Aug-22,"8,337","8,015","4,247","4,007","2,163","2,004"
05-Aug-22,"8,466","8,136","4,313","4,068","2,196","2,034"
08-Aug-22,"8,390","8,055","4,274","4,028","2,177","2,014"
09-Aug-22,"8,456","8,131","4,308","4,065","2,194","2,033"
10-Aug-22,"8,477","8,150","4,319","4,075","2,199","2,037"
11-Aug-22,"8,425","8,104","4,292","4,052","2,186","2,026"
12-Aug-22,"8,432","8,107","4,296","4,053","2,188","2,027"
15-Aug-22,"8,483","8,154","4,322","4,077","2,201","2,039"
16-Aug-22,"8,421","8,096","4,290","4,048","2,185","2,024"
17-Aug-22,"8,408","8,084","4,283","4,042","2,181","2,021"
18-Aug-22,"8,363","8,039","4,261","4,019","2,170","2,010"
19-Aug-22,"8,340","8,022","4,249","4,011","2,164","2,005"
22-Aug-22,"8,303","7,984","4,230","3,992","2,154","1,996"
23-Aug-22,"8,265","7,944","4,210","3,972","2,144","1,986"
24-Aug-22,"8,312","7,990","4,234","3,995","2,156","1,997"
25-Aug-22,"8,331","8,012","4,244","4,006","2,161","2,003"
26-Aug-22,"8,324","8,003","4,240","4,001","2,159","2,001"
29-Aug-22,"8,242","7,927","4,199","3,963","2,138","1,982"
30-Aug-22,"8,272","7,953","4,214","3,977","2,146","1,988"
01-Sep-22,"8,123","7,808","4,138","3,904","2,107","1,952"
02-Sep-22,"8,078","7,769","4,115","3,884","2,096","1,942"
05-Sep-22,"8,133","7,817","4,143","3,909","2,110","1,954"
06-Sep-22,"8,169","7,852","4,162","3,926","2,119","1,963"
07-Sep-22,"8,128","7,815","4,141","3,908","2,109","1,954"
08-Sep-22,"8,190","7,872","4,172","3,936","2,125","1,968"
09-Sep-22,"8,168","7,851","4,161","3,925","2,119","1,963"
12-Sep-22,"8,187","7,872","4,171","3,936","2,124","1,968"
13-Sep-22,"8,249","7,931","4,203","3,966","2,140","1,983"
14-Sep-22,"8,157","7,846","4,156","3,923","2,116","1,961"
15-Sep-22,"8,147","7,831","4,150","3,915","2,114","1,958"
19-Sep-22,"8,067","7,753","4,110","3,877","2,093","1,938"
20-Sep-22,"8,097","7,783","4,125","3,892","2,101","1,946"
21-Sep-22,"8,061","7,751","4,106","3,876","2,091","1,938"
22-Sep-22,"8,057","7,748","4,104","3,874","2,090","1,937"
23-Sep-22,"8,107","7,792","4,130","3,896","2,103","1,948"
26-Sep-22,"7,995","7,690","4,073","3,845","2,074","1,922"
27-Sep-22,"7,959","7,652","4,055","3,826","2,065","1,913"
28-Sep-22,"7,972","7,668","4,061","3,834","2,068","1,917"
29-Sep-22,"8,116","7,803","4,135","3,901","2,106","1,951"
29-Sep-22,"8,116","7,803","4,135","3,901","2,106","1,951"
30-Sep-22,"8,178","7,861","4,166","3,931","2,122","1,965"
03-Oct-22,"8,196","7,874","4,176","3,937","2,126","1,969"
04-Oct-22,"8,371","8,045","4,265","4,023","2,172","2,011"
05-Oct-22,"8,490","8,159","4,325","4,080","2,203","2,040"
06-Oct-22,"8,455","8,123","4,307","4,061","2,193","2,031"
07-Oct-22,"8,430","8,105","4,295","4,053","2,187","2,026"
11-Oct-22,"8,268","7,944","4,212","3,972","2,145","1,986"
12-Oct-22,"8,241","7,923","4,198","3,961","2,138","1,981"
13-Oct-22,"8,307","7,988","4,232","3,994","2,155","1,997"
14-Oct-22,"8,276","7,960","4,216","3,980","2,147","1,990"
17-Oct-22,"8,222","7,904","4,189","3,952","2,133","1,976"
18-Oct-22,"8,259","7,931","4,208","3,965","2,143","1,983"
19-Oct-22,"8,263","7,944","4,210","3,972","2,144","1,986"
20-Oct-22,"8,158","7,846","4,156","3,923","2,116","1,961"
21-Oct-22,"8,156","7,840","4,155","3,920","2,116","1,960"
25-Oct-22,"8,308","7,989","4,233","3,995","2,156","1,997"
26-Oct-22,"8,281","7,964","4,219","3,982","2,148","1,991"
27-Oct-22,"8,331","8,008","4,244","4,004","2,161","2,002"
28-Oct-22,"8,314","7,990","4,235","3,995","2,157","1,997"
31-Oct-22,"8,239","7,915","4,197","3,957","2,137","1,979"
01-Nov-22,"8,190","7,872","4,172","3,936","2,125","1,968"
02-Nov-22,"8,289","7,964","4,223","3,982","2,150","1,991"
03-Nov-22,"8,224","7,905","4,190","3,952","2,134","1,976"
04-Nov-22,"8,208","7,889","4,181","3,944","2,129","1,972"
07-Nov-22,"8,423","8,091","4,291","4,046","2,185","2,023"
08-Nov-22,"8,415","8,085","4,287","4,042","2,183","2,021"
09-Nov-22,"8,583","8,251","4,372","4,126","2,227","2,063"
10-Nov-22,"8,498","8,162","4,329","4,081","2,205","2,041"
11-Nov-22,"8,649","8,312","4,406","4,156","2,244","2,078"
14-Nov-22,"8,643","8,290","4,403","4,145","2,242","2,073"
15-Nov-22,"8,619","8,276","4,391","4,138","2,236","2,069"
16-Nov-22,"8,560","8,219","4,361","4,110","2,221","2,055"
17-Nov-22,"8,556","8,216","4,359","4,108","2,220","2,054"
21-Nov-22,"8,498","8,148","4,329","4,074","2,205","2,037"
22-Nov-22,"8,465","8,128","4,313","4,064","2,196","2,032"
23-Nov-22,"8,462","8,118","4,311","4,059","2,195","2,030"
24-Nov-22,"8,491","8,152","4,325","4,076","2,203","2,038"
25-Nov-22,"8,337","8,008","4,247","4,004","2,163","2,002"
29-Nov-22,"8,292","7,959","4,224","3,979","2,151","1,990"
30-Nov-22,"8,378","8,040","4,268","4,020","2,173","2,010"
01-Dec-22,"8,339","7,995","4,248","3,997","2,164","1,999"
02-Dec-22,"8,385","8,059","4,271","4,030","2,175","2,015"
05-Dec-22,"8,373","8,041","4,266","4,020","2,172","2,010"
06-Dec-22,"8,242","7,908","4,199","3,954","2,138","1,977"
07-Dec-22,"8,262","7,934","4,209","3,967","2,143","1,983"
08-Dec-22,"8,327","7,992","4,242","3,996","2,160","1,998"
09-Dec-22,"8,336","8,003","4,247","4,002","2,163","2,001"
12-Dec-22,"8,405","8,060","4,282","4,030","2,180","2,015"
13-Dec-22,"8,356","8,033","4,257","4,016","2,168","2,008"
14-Dec-22,"8,475","8,136","4,317","4,068","2,199","2,034"
15-Dec-22,"8,438","8,098","4,298","4,049","2,189","2,024"
16-Dec-22,"8,349","8,012","4,253","4,006","2,166","2,003"
19-Dec-22,"8,418","8,071","4,288","4,036","2,184","2,018"
20-Dec-22,"8,394","8,059","4,276","4,029","2,178","2,015"
21-Dec-22,"8,558","8,217","4,360","4,108","2,220","2,054"
22-Dec-22,"8,546","8,208","4,354","4,104","2,217","2,052"
23-Dec-22,"8,434","8,098","4,297","4,049","2,188","2,024"
27-Dec-22,"8,455","8,119","4,307","4,060","2,194","2,030"
28-Dec-22,"8,508","8,169","4,334","4,084","2,207","2,042"
29-Dec-22,"8,488","8,149","4,324","4,074","2,202","2,037"
30-Dec-22,"8,506","8,166","4,333","4,083","2,207","2,042"
03-Jan-23,"8,551","8,209","4,356","4,104","2,218","2,052"
04-Jan-23,"8,602","8,258","4,382","4,129","2,232","2,065"
05-Jan-23,"8,667","8,324","4,415","4,162","2,249","2,081"
06-Jan-23,"8,552","8,214","4,357","4,107","2,219","2,053"
09-Jan-23,"8,678","8,332","4,421","4,166","2,251","2,083"
10-Jan-23,"8,670","8,333","4,417","4,166","2,249","2,083"
11-Jan-23,"8,707","8,367","4,436","4,183","2,259","2,092"
12-Jan-23,"8,692","8,346","4,428","4,173","2,255","2,086"
13-Jan-23,"8,723","8,385","4,444","4,193","2,263","2,096"
16-Jan-23,"8,816","8,472","4,491","4,236","2,287","2,118"
17-Jan-23,"8,784","8,440","4,475","4,220","2,279","2,110"
18-Jan-23,"8,752","8,413","4,459","4,207","2,271","2,103"
19-Jan-23,"8,738","8,401","4,452","4,200","2,267","2,100"
20-Jan-23,"8,813","8,469","4,490","4,234","2,286","2,117"
25-Jan-23,"8,789","8,436","4,477","4,218","2,280","2,109"
26-Jan-23,"8,799","8,447","4,482","4,224","2,283","2,112"
27-Jan-23,"8,698","8,350","4,431","4,175","2,257","2,088"
30-Jan-23,"8,675","8,328","4,419","4,164","2,251","2,082"
31-Jan-23,"8,659","8,313","4,411","4,157","2,246","2,078"
01-Feb-23,"8,623","8,286","4,393","4,143","2,237","2,072"
02-Feb-23,"8,766","8,411","4,466","4,205","2,274","2,103"
03-Feb-23,"8,658","8,302","4,410","4,151","2,246","2,075"
07-Feb-23,"8,564","8,201","4,363","4,101","2,222","2,050"
08-Feb-23,"8,538","8,206","4,349","4,103","2,215","2,051"
09-Feb-23,"8,553","8,220","4,357","4,110","2,219","2,055"
10-Feb-23,"8,533","8,192","4,347","4,096","2,214","2,048"
13-Feb-23,"8,575","8,232","4,368","4,116","2,225","2,058"
14-Feb-23,"8,566","8,224","4,364","4,112","2,222","2,056"
15-Feb-23,"8,579","8,240","4,371","4,120","2,226","2,060"
16-Feb-23,"8,579","8,236","4,370","4,118","2,226","2,059"
17-Feb-23,"8,600","8,258","4,381","4,129","2,231","2,065"
20-Feb-23,"8,626","8,282","4,394","4,141","2,238","2,070"
21-Feb-23,"8,656","8,322","4,410","4,161","2,246","2,080"
22-Feb-23,"8,660","8,315","4,412","4,158","2,247","2,079"
23-Feb-23,"8,604","8,271","4,383","4,136","2,232","2,068"
24-Feb-23,"8,578","8,244","4,370","4,122","2,225","2,061"
27-Feb-23,"8,568","8,237","4,365","4,119","2,223","2,059"
28-Feb-23,"8,614","8,270","4,388","4,135","2,235","2,068"
01-Mar-23,"8,682","8,346","4,423","4,173","2,252","2,086"
02-Mar-23,"8,713","8,366","4,439","4,183","2,260","2,092"
03-Mar-23,"8,745","8,396","4,455","4,198","2,269","2,099"
06-Mar-23,"8,789","8,429","4,478","4,215","2,280","2,107"
07-Mar-23,"8,767","8,416","4,466","4,208","2,275","2,104"
08-Mar-23,"8,677","8,325","4,420","4,162","2,251","2,081"
09-Mar-23,"8,709","8,366","4,437","4,183","2,259","2,092"
10-Mar-23,"8,786","8,441","4,476","4,221","2,279","2,110"
13-Mar-23,"8,999","8,621","4,584","4,310","2,335","2,155"
14-Mar-23,"9,104","8,731","4,638","4,366","2,362","2,183"
15-Mar-23,"9,036","8,675","4,603","4,338","2,344","2,169"
16-Mar-23,"9,187","8,813","4,680","4,407","2,383","2,203"
17-Mar-23,"9,174","8,817","4,674","4,409","2,380","2,204"
20-Mar-23,"9,392","9,017","4,785","4,508","2,437","2,254"
21-Mar-23,"9,396","9,029","4,787","4,514","2,438","2,257"
22-Mar-23,"9,216","8,858","4,695","4,429","2,391","2,215"
23-Mar-23,"9,293","8,931","4,734","4,465","2,411","2,233"
24-Mar-23,"9,339","8,975","4,757","4,488","2,423","2,244"
27-Mar-23,"9,274","8,914","4,724","4,457","2,406","2,228"
28-Mar-23,"9,181","8,823","4,677","4,412","2,382","2,206"
29-Mar-23,"9,186","8,826","4,680","4,413","2,383","2,206"
30-Mar-23,"9,204","8,836","4,689","4,418","2,388","2,209"
31-Mar-23,"9,276","8,910","4,726","4,455","2,407","2,228"
03-Apr-23,"9,203","8,831","4,688","4,415","2,388","2,208"
04-Apr-23,"9,271","8,905","4,723","4,452","2,405","2,226"
05-Apr-23,"9,429","9,060","4,804","4,530","2,446","2,265"
06-Apr-23,"9,445","9,068","4,812","4,534","2,450","2,267"
07-Apr-23,"9,378","9,003","4,777","4,502","2,433","2,251"
10-Apr-23,"9,362","8,989","4,769","4,495","2,429","2,247"
11-Apr-23,"9,346","8,974","4,761","4,487","2,452","2,243"
12-Apr-23,"9,395","9,027","4,786","4,514","2,437","2,257"
13-Apr-23,"9,423","9,053","4,800","4,527","2,445","2,263"
14-Apr-23,"9,499","9,134","4,839","4,567","2,464","2,283"
17-Apr-23,"9,382","9,008","4,779","4,504","2,434","2,252"
18-Apr-23,"9,355","8,992","4,766","4,496","2,427","2,248"
19-Apr-23,"9,426","9,050","4,802","4,525","2,446","2,263"
20-Apr-23,"9,392","9,017","4,785","4,509","2,437","2,254"
25-Apr-23,"9,372","8,990","4,774","4,495","2,431","2,247"
26-Apr-23,"9,462","9,093","4,820","4,546","2,455","2,273"
27-Apr-23,"9,425","9,049","4,802","4,525","2,445","2,262"
28-Apr-23,"9,395","9,024","4,786","4,512","2,437","2,256"
02-May-23,"9,387","9,022","4,782","4,511","2,435","2,256"
03-May-23,"9,530","9,159","4,855","4,580","2,472","2,290"
05-May-23,"9,653","9,268","4,917","4,634","2,504","2,317"
08-May-23,"9,499","9,114","4,839","4,557","2,464","2,278"
09-May-23,"9,510","9,142","4,845","4,571","2,467","2,285"
10-May-23,"9,622","9,241","4,902","4,621","2,496","2,310"
11-May-23,"9,598","9,220","4,890","4,610","2,490","2,305"
12-May-23,"9,579","9,203","4,880","4,602","2,485","2,301"
15-May-23,"9,552","9,177","4,866","4,589","2,478","2,294"
16-May-23,"9,605","9,232","4,893","4,616","2,492","2,308"
17-May-23,"9,537","9,158","4,858","4,579","2,474","2,289"
18-May-23,"9,510","9,133","4,845","4,566","2,467","2,283"
19-May-23,"9,441","9,069","4,810","4,534","2,449","2,267"
22-May-23,"9,522","9,147","4,851","4,573","2,470","2,287"
23-May-23,"9,511","9,136","4,845","4,568","2,467","2,284"
24-May-23,"9,589","9,214","4,885","4,607","2,488","2,304"
25-May-23,"9,557","9,194","4,869","4,597","2,479","2,298"
26-May-23,"9,520","9,156","4,850","4,578","2,470","2,289"
29-May-23,"9,490","9,113","4,834","4,556","2,462","2,278"
30-May-23,"9,496","9,123","4,838","4,561","2,464","2,281"
31-May-23,"9,550","9,181","4,865","4,591","2,477","2,295"
01-Jun-23,"9,609","9,243","4,895","4,621","2,493","2,311"
02-Jun-23,"9,634","9,256","4,908","4,628","2,500","2,314"
06-Jun-23,"9,552","9,170","4,866","4,585","2,478","2,293"
07-Jun-23,"9,594","9,226","4,888","4,613","2,489","2,306"
08-Jun-23,"9,506","9,128","4,843","4,564","2,466","2,282"
09-Jun-23,"9,602","9,220","4,892","4,610","2,491","2,305"
12-Jun-23,"9,593","9,224","4,887","4,612","2,489","2,306"
13-Jun-23,"9,610","9,238","4,896","4,619","2,493","2,309"
14-Jun-23,"9,532","9,160","4,856","4,580","2,473","2,290"
15-Jun-23,"9,513","9,141","4,846","4,570","2,468","2,285"
16-Jun-23,"9,558","9,186","4,869","4,593","2,480","2,296"
19-Jun-23,"9,589","9,208","4,885","4,604","2,488","2,302"
20-Jun-23,"9,587","9,213","4,884","4,606","2,487","2,303"
21-Jun-23,"9,536","9,163","4,858","4,582","2,474","2,291"
22-Jun-23,"9,522","9,144","4,851","4,572","2,470","2,286"
23-Jun-23,"9,470","9,109","4,824","4,554","2,457","2,277"
26-Jun-23,"9,555","9,175","4,868","4,587","2,479","2,294"
27-Jun-23,"9,543","9,170","4,861","4,585","2,476","2,293"
28-Jun-23,"9,466","9,101","4,822","4,551","2,456","2,275"
30-Jun-23,"9,488","9,120","4,833","4,560","2,461","2,280"
03-Jul-23,"9,485","9,107","4,832","4,554","2,461","2,277"
04-Jul-23,"9,511","9,137","4,845","4,569","2,467","2,284"
05-Jul-23,"9,514","9,135","4,847","4,567","2,468","2,284"
06-Jul-23,"9,479","9,110","4,829","4,555","2,459","2,278"
07-Jul-23,"9,466","9,095","4,822","4,547","2,456","2,274"
10-Jul-23,"9,502","9,124","4,840","4,562","2,465","2,281"
11-Jul-23,"9,537","9,158","4,859","4,579","2,474","2,289"
12-Jul-23,"9,557","9,175","4,868","4,588","2,479","2,294"
13-Jul-23,"9,585","9,210","4,883","4,605","2,487","2,302"
14-Jul-23,"9,447","9,073","4,813","4,537","2,451","2,268"
17-Jul-23,"9,376","9,018","4,777","4,509","2,433","2,254"
18-Jul-23,"9,416.62","9,054.30","4,797.15","4,527.15","2,442.99","2,263.57"
20-Jul-23,"9,567","9,201","4,874","4,600","2,482","2,300"
21-Jul-23,"9,535","9,159","4,858","4,579","2,474","2,290"
24-Jul-23,"9,500","9,125","4,840","4,562","2,465","2,281"
25-Jul-23,"9,478","9,111","4,829","4,555","2,459","2,278"
26-Jul-23,"9,508","9,138","4,844","4,569","2,467","2,285"
27-Jul-23,"9,481","9,107","4,830","4,553","2,460","2,277"
28-Jul-23,"9,394","9,033","4,786","4,516","2,437","2,258"
31-Jul-23,"9,452","9,083","4,815","4,541","2,452","2,271"
01-Aug-23,"9,390","9,024","4,784","4,512","2,436","2,256"
02-Aug-23,"9,360","8,994","4,768","4,497","2,428","2,248"
03-Aug-23,"9,377","9,017","4,777","4,508","2,433","2,254"
04-Aug-23,"9,347","8,979","4,761","4,490","2,425","2,245"
07-Aug-23,"9,382","9,012","4,780","4,506","2,434","2,253"
08-Aug-23,"9,365","8,993","4,771","4,497","2,430","2,248"
09-Aug-23,"9,367","9,007","4,772","4,503","2,430","2,252"
10-Aug-23,"9,293","8,922","4,734","4,461","2,411","2,231"
11-Aug-23,"9,294","8,929","4,735","4,464","2,411","2,232"
14-Aug-23,"9,342","8,968","4,759","4,484","2,424","2,242"
15-Aug-23,"9,355.53","8,992.77","4,766.03","4,496.39","2,427.14","2,248.19"
16-Aug-23,"9,351","8,989","4,764","4,494","2,426","2,247"
17-Aug-23,"9,325","8,960","4,750","4,480","2,419","2,240"
18-Aug-23,"9,311","8,948","4,743","4,474","2,416","2,237"
21-Aug-23,"9,318","8,956","4,747","4,478","2,417","2,239"
22-Aug-23,"9,339","8,975","4,758","4,488","2,423","2,244"
23-Aug-23,"9,379","9,010","4,778","4,505","2,433","2,252"
24-Aug-23,"9,454","9,078","4,816","4,539","2,453","2,269"
25-Aug-23,"9,458","9,090","4,818","4,545","2,454","2,272"
28-Aug-23,"9,429","9,059","4,803","4,530","2,446","2,265"
29-Aug-23,"9,483","9,112","4,831","4,556","2,460","2,278"
30-Aug-23,"9,525","9,148","4,852","4,574","2,471","2,287"
01-Sep-23,"9,534","9,160","4,857","4,580","2,474","2,290"
04-Sep-23,"9,587","9,186","4,884","4,593","2,487","2,297"
05-Sep-23,"9,570","9,200","4,875","4,600","2,483","2,300"
06-Sep-23,"9,547","9,169","4,864","4,585","2,477","2,292"
07-Sep-23,"9,504","9,139","4,842","4,570","2,466","2,285"
08-Sep-23,"9,528","9,159","4,854","4,580","2,472","2,290"
11-Sep-23,"9,520","9,152","4,850","4,576","2,470","2,288"
12-Sep-23,"9,523","9,157","4,852","4,579","2,471","2,289"
13-Sep-23,"9,482","9,114","4,830","4,557","2,460","2,279"
14-Sep-23,"9,484","9,117","4,831","4,559","2,460","2,279"
15-Sep-23,"9,493","9,125","4,836","4,563","2,463","2,281"
18-Sep-23,"9,550","9,182","4,865","4,591","2,478","2,295"
19-Sep-23,"9,616","9,246","4,899","4,623","2,495","2,311"
20-Sep-23,"9,608","9,239","4,895","4,619","2,493","2,310"
21-Sep-23,"9,603","9,236","4,892","4,618","2,491","2,309"
22-Sep-23,"9,559","9,183","4,870","4,591","2,480","2,296"
25-Sep-23,"9,569","9,197","4,875","4,598","2,483","2,299"
26-Sep-23,"9,527","9,158","4,853","4,579","2,472","2,289"
27-Sep-23,"9,471","9,103","4,825","4,552","2,457","2,276"
29-Sep-23,"9,299","8,942","4,737","4,471","2,412","2,236"
02-Oct-23,"9,203","8,846","4,688","4,423","2,387","2,211"
03-Oct-23,"9,130","8,776","4,651","4,388","2,369","2,194"
04-Oct-23,"9,140","8,780","4,656","4,390","2,371","2,195"
05-Oct-23,"9,141","8,782","4,657","4,391","2,372","2,195"
06-Oct-23,"9,125","8,771","4,649","4,385","2,367","2,193"
09-Oct-23,"9,240","8,882","4,707","4,441","2,397","2,221"
10-Oct-23,"9,330","8,970","4,753","4,485","2,421","2,242"
11-Oct-23,"9,332","8,971","4,754","4,485","2,421","2,243"
12-Oct-23,"9,388","9,020","4,783","4,510","2,436","2,255"
13-Oct-23,"9,394","9,030","4,786","4,515","2,437","2,258"
16-Oct-23,"9,674","9,289","4,928","4,645","2,510","2,322"
17-Oct-23,"9,629","9,259","4,905","4,629","2,498","2,315"
18-Oct-23,"9,679","9,306","4,931","4,653","2,511","2,326"
19-Oct-23,"9,857","9,480","5,021","4,740","2,557","2,370"
20-Oct-23,"10,003","9,613","5,096","4,807","2,595","2,403"
23-Oct-23,"9,990","9,604","5,089","4,802","2,592","2,401"
24-Oct-23,"10,023","9,631","5,106","4,815","2,600","2,408"
25-Oct-23,"10,018","9,630","5,104","4,815","2,599","2,408"
26-Oct-23,"10,075","9,685","5,132","4,842","2,614","2,421"
27-Oct-23,"10,066","9,669","5,128","4,834","2,611","2,417"
30-Oct-23,"10,161","9,768","5,177","4,884","2,636","2,442"
31-Oct-23,"10,079","9,677","5,135","4,839","2,615","2,419"
01-Nov-23,"10,035","9,646","5,112","4,823","2,603","2,412"
02-Nov-23,"10,007","9,619","5,098","4,810","2,596","2,405"
03-Nov-23,"10,007","9,616","5,098","4,808","2,596","2,404"
06-Nov-23,"9,888","9,494","5,037","4,747","2,565","2,374"
07-Nov-23,"9,751","9,359","4,967","4,679","2,530","2,340"
08-Nov-23,"9,728","9,357","4,956","4,678","2,524","2,339"
09-Nov-23,"9,698","9,319","4,941","4,660","2,516","2,330"
10-Nov-23,"9,823","9,436","5,004","4,718","2,548","2,359"
14-Nov-23,"9,722","9,340","4,953","4,670","2,522","2,335"
15-Nov-23,"9,709","9,327","4,946","4,663","2,519","2,332"
16-Nov-23,"9,743","9,351","4,963","4,676","2,528","2,338"
17-Nov-23,"9,831","9,454","5,008","4,727","2,551","2,364"
20-Nov-23,"9,784","9,403","4,984","4,701","2,538","2,351"
21-Nov-23,"9,793","9,414","4,989","4,707","2,541","2,353"